{
  "1": [
    428,
    8435,
    1121,
    5146,
    8035,
    2526,
    3315,
    3205,
    9001,
    1121,
    310,
    3999
  ],
  "2": [
    1121,
    3315,
    1586,
    4031,
    4074,
    3120,
    8422,
    4902,
    8494
  ],
  "3": [
    1121,
    1586,
    813,
    7384,
    8425
  ],
  "4": [
    1121,
    3120,
    473,
    8659,
    3794,
    1721
  ],
  "5": [
    428,
    6504,
    339,
    1471,
    776,
    376,
    3956,
    4940,
    1471
  ],
  "6": [
    1121,
    2526,
    3568,
    4714,
    6316,
    3667
  ],
  "7": [
    1121,
    3568,
    5434,
    2341,
    5454,
    7484,
    5455,
    1121,
    7484,
    7614,
    1719
  ],
  "8": [
    3568,
    3205,
    853,
    5248,
    1931,
    2490,
    1961,
    1368,
    776
  ],
  "9": [
    1931,
    1961,
    1368,
    6718,
    3942,
    3068,
    5921,
    3651,
    559,
    5248,
    1368,
    6718,
    3942,
    3068
  ],
  "10": [
    1961,
    7225,
    4467,
    894,
    751,
    390,
    3641,
    776,
    8152
  ],
  "11": [
    4480,
    776,
    1931,
    3318,
    804,
    1129,
    853,
    5210,
    853,
    7344,
    5892,
    853,
    3625
  ],
  "12": [
    853,
    7449,
    996,
    5210,
    996,
    3625,
    1931,
    5892,
    1419
  ],
  "13": [
    4714,
    3205,
    853,
    3866,
    853,
    6047,
    853,
    3853,
    853,
    5320
  ],
  "14": [
    853,
    6625,
    853,
    3695,
    834,
    3318,
    8033,
    6430,
    853,
    3732,
    9014
  ],
  "15": [
    3667,
    3205,
    853,
    6721,
    1060,
    853,
    2845
  ],
  "16": [
    853,
    2983,
    853,
    567,
    853,
    1622
  ],
  "17": [
    853,
    2340,
    853,
    6208,
    853,
    5513
  ],
  "18": [
    853,
    721,
    853,
    6786,
    853,
    2577,
    310,
    6327,
    4940,
    3669
  ],
  "19": [
    1961,
    1366,
    3669,
    6721,
    935,
    1642,
    5704,
    5804,
    935,
    5467,
    6017,
    126,
    6636,
    5704,
    3962
  ],
  "20": [
    428,
    1121,
    2526,
    4940,
    3956,
    776,
    1471,
    9014
  ],
  "21": [
    8035,
    3205,
    1571,
    1931,
    1,
    3605,
    1121,
    5677,
    251,
    3315,
    1419
  ],
  "22": [
    1121,
    8035,
    5867,
    804,
    775,
    3865,
    758
  ],
  "23": [
    1121,
    758,
    5780,
    2343,
    1666,
    4851
  ],
  "24": [
    775,
    3205,
    853,
    7974,
    7974,
    3205,
    853,
    5677
  ],
  "25": [
    5677,
    3205,
    8147,
    1121,
    8034,
    259,
    6389,
    3588,
    3117,
    6385,
    776,
    8034,
    251,
    3355
  ],
  "26": [
    3355,
    3205,
    853,
    486,
    853,
    8026,
    853,
    2700,
    853,
    3392
  ],
  "27": [
    853,
    1913,
    853,
    187,
    853,
    1853
  ],
  "28": [
    853,
    5745,
    853,
    39,
    853,
    7614
  ],
  "29": [
    853,
    211,
    853,
    2341,
    853,
    3103,
    3605,
    428,
    1121,
    3355
  ],
  "30": [
    1961,
    4186,
    4852,
    935,
    5611,
    2022,
    6924
  ],
  "31": [
    428,
    1121,
    8035,
    4940,
    3956,
    776,
    1471
  ],
  "32": [
    428,
    4940,
    1121,
    5146,
    8435,
    1471,
    428,
    6504,
    1471,
    776,
    310,
    3999,
    9015
  ]
}