{
  "1": [
    120,
    3205,
    802,
    7116,
    3117,
    7646,
    7267
  ],
  "2": [
    6731,
    3318,
    5243,
    1272,
    6738,
    3808,
    5975
  ],
  "3": [
    637,
    5921,
    2088,
    6491,
    5869,
    853,
    935,
    4941,
    5973
  ],
  "4": [
    4310,
    5414,
    2889,
    2931,
    3808,
    259
  ],
  "5": [
    518,
    2782,
    3117,
    4557,
    2320,
    854,
    2706,
    6213,
    3808,
    5674
  ],
  "6": [
    8159,
    5921,
    2308,
    5704,
    7521,
    7916,
    3117
  ],
  "7": [
    3588,
    3426,
    6086,
    8615,
    518,
    3772,
    5750,
    2498,
    3127,
    3808,
    2308
  ],
  "8": [
    518,
    2204,
    776,
    8328,
    6083,
    4191,
    1503
  ],
  "9": [
    7381,
    4325,
    6524,
    6213,
    7105,
    3644,
    5194
  ],
  "10": [
    1397,
    4191,
    2522,
    1478,
    120,
    335
  ],
  "11": [
    235,
    4325,
    4480,
    3220,
    5104,
    2717,
    3001
  ],
  "12": [
    376,
    7901,
    3808,
    6965,
    5704,
    1115,
    8064,
    3808,
    6974,
    3808,
    5782,
    8142
  ],
  "13": [
    4310,
    5414,
    7585,
    6845,
    5641,
    5704,
    7725,
    639,
    7896,
    9001,
    2706,
    2142
  ],
  "14": [
    518,
    4191,
    1397,
    2421,
    3605,
    3117,
    6635,
    3176,
    5704,
    935,
    2487
  ],
  "15": [
    7121,
    595,
    6030,
    4639,
    3027,
    3700
  ],
  "16": [
    3588,
    6258,
    6806,
    5608,
    3808,
    8104,
    5921,
    2403
  ],
  "17": [
    2856,
    6872,
    6588,
    2950,
    5921,
    5771
  ],
  "18": [
    199,
    2022,
    5307,
    5034,
    6697,
    6275,
    4725
  ],
  "19": [
    68,
    7833,
    4325,
    7857,
    5599,
    6083,
    776,
    8615,
    582,
    6
  ],
  "20": [
    8630,
    5331,
    1980,
    8138,
    6440,
    7971
  ],
  "21": [
    3513,
    1121,
    3808,
    3045,
    6819,
    3808,
    995,
    9001
  ],
  "22": [
    389,
    1320,
    5921,
    3510,
    5315,
    5921,
    56,
    9015
  ]
}