{
  "1": [
    6030,
    347,
    559
  ],
  "2": [
    551,
    3588,
    859,
    5971,
    5973,
    4191,
    2451
  ],
  "3": [
    1571,
    9001,
    3824,
    3644,
    3808,
    5307,
    595,
    4480,
    854,
    4310,
    369,
    3644,
    428
  ],
  "4": [
    7814,
    7453,
    1961,
    7121,
    433,
    6030,
    7814,
    6662,
    8549
  ],
  "5": [
    6365,
    937,
    6248,
    7600,
    3559,
    4571,
    7272
  ],
  "6": [
    7951,
    168,
    7703,
    987,
    7264,
    410,
    834,
    935,
    433,
    3027
  ],
  "7": [
    199,
    7592,
    4994,
    929,
    3384,
    5775,
    8064,
    5046,
    9001
  ],
  "8": [
    176,
    7878,
    776,
    3384,
    5608,
    9001,
    1709,
    3220
  ],
  "9": [
    4310,
    3808,
    3045,
    3605,
    428,
    3588,
    3027,
    3068,
    6213,
    2063
  ],
  "10": [
    834,
    3027,
    5315,
    3605,
    2416,
    7307,
    3605,
    1320,
    376
  ],
  "11": [
    3808,
    241,
    4405,
    974,
    2441,
    400,
    2938,
    9001
  ],
  "12": [
    3453,
    2451,
    753,
    3117,
    8394
  ],
  "13": [
    5973,
    2451,
    1369,
    9001,
    6098,
    8394
  ],
  "14": [
    2005,
    2040,
    3808,
    1129,
    5462,
    5921,
    376,
    3808,
    6605
  ],
  "15": [
    2005,
    6113,
    4325,
    3001,
    7971,
    2015,
    776
  ],
  "16": [
    5973,
    5797,
    8454,
    9001,
    7683,
    7686
  ],
  "17": [
    1980,
    3289,
    7758,
    8199,
    1984
  ],
  "18": [
    4148,
    4428,
    6605,
    631,
    232,
    4975
  ],
  "19": [
    1980,
    3548,
    7758,
    386,
    5557
  ],
  "20": [
    5493,
    8193,
    539,
    2940,
    2205,
    3947
  ],
  "21": [
    8210,
    937,
    5921,
    5081,
    4206,
    650,
    7503
  ],
  "22": [
    1540,
    6013,
    4480,
    2822,
    3318,
    216,
    6757
  ],
  "23": [
    7679,
    1471,
    6,
    7849,
    1471,
    5148
  ],
  "24": [
    5493,
    3820,
    7218,
    5971,
    776,
    8582,
    8414,
    3808,
    1870
  ],
  "25": [
    4959,
    2822,
    3808,
    216,
    8582,
    7910
  ]
}