{
  "1": [
    6030,
    6691,
    5284,
    559
  ],
  "2": [
    3651,
    5587,
    7725,
    5668,
    2363,
    9002
  ],
  "3": [
    4148,
    3639,
    8085,
    7307,
    998,
    6030
  ],
  "4": [
    2063,
    3045,
    4480,
    5703,
    4480,
    7760,
    120,
    5921,
    776
  ],
  "5": [
    3588,
    7445,
    7563,
    7138,
    8057,
    2611,
    5704,
    7281
  ],
  "6": [
    518,
    5927,
    8064,
    7863,
    7218,
    5645,
    5060
  ],
  "7": [
    1561,
    5331,
    6,
    7200,
    559,
    335
  ],
  "8": [
    2472,
    5774,
    3808,
    4672,
    5074,
    2384,
    3915
  ],
  "9": [
    5869,
    7805,
    3808,
    3254,
    3808,
    5750,
    7789,
    4725
  ],
  "10": [
    1121,
    7521,
    1800,
    3027,
    7725,
    202
  ],
  "11": [
    6106,
    4390,
    5934,
    5973,
    5921,
    6083,
    7901
  ],
  "12": [
    518,
    4985,
    6310,
    7451,
    3582,
    8478,
    3956
  ],
  "13": [
    2550,
    5921,
    3808,
    5800,
    4513,
    8432,
    2441
  ],
  "14": [
    3899,
    4578,
    2015,
    4846,
    6620,
    7130
  ],
  "15": [
    2428,
    1104,
    6958,
    990,
    3423,
    410
  ],
  "16": [
    7219,
    6620,
    3243,
    2026,
    3956,
    660
  ],
  "17": [
    408,
    7200,
    6390,
    5104,
    5158,
    1706,
    2529
  ],
  "18": [
    7725,
    3022,
    3808,
    1104,
    2428,
    8545,
    3808,
    5965
  ],
  "19": [
    3588,
    7533,
    5800,
    1800,
    1004,
    1497,
    3808,
    1129
  ],
  "20": [
    3588,
    3808,
    3045,
    7961,
    990,
    2530,
    3808,
    4422
  ],
  "21": [
    369,
    8300,
    400,
    5921,
    3651,
    3808,
    2342,
    2898
  ],
  "22": [
    4390,
    5607,
    3334,
    9001,
    3605,
    3027,
    6001,
    935
  ],
  "23": [
    1961,
    4390,
    990,
    7971,
    9002,
    2740,
    639,
    4305,
    5921,
    3894
  ],
  "24": [
    1272,
    5402,
    1270,
    2498,
    7198,
    5154
  ],
  "25": [
    8025,
    3318,
    1465,
    1300,
    4846,
    1980,
    5921,
    367
  ],
  "26": [
    3605,
    2822,
    2934,
    6845,
    398,
    784,
    3808,
    5301,
    3415,
    8300,
    168
  ],
  "27": [
    1540,
    8064,
    5771,
    776,
    6965,
    9001
  ],
  "28": [
    1540,
    2981,
    1004,
    5064,
    3117,
    639
  ],
  "29": [
    2088,
    2506,
    120,
    7563,
    430,
    5159,
    561,
    410,
    9015
  ]
}