{
  "1": [
    2005,
    3605,
    7200,
    5869,
    8085,
    241,
    995,
    9001
  ],
  "2": [
    1847,
    3045,
    1571,
    589,
    3808,
    5307,
    595,
    4480
  ],
  "3": [
    199,
    589,
    413,
    7706,
    1696,
    3198,
    413,
    410,
    2654
  ],
  "4": [
    199,
    859,
    2950,
    8267,
    7495,
    457,
    3605
  ],
  "5": [
    4310,
    5414,
    2790,
    2790,
    1961,
    9001,
    2451
  ],
  "6": [
    8085,
    4994,
    8433,
    7379,
    8193,
    7181
  ],
  "7": [
    410,
    1696,
    5766,
    9001,
    1696,
    7423
  ],
  "8": [
    6440,
    5375,
    518,
    410,
    7378
  ],
  "9": [
    2896,
    3588,
    2713,
    853,
    518,
    2048,
    582,
    2048,
    9002
  ],
  "10": [
    3198,
    3198,
    853,
    518,
    5643,
    6440,
    5375
  ],
  "11": [
    3808,
    7613,
    1204,
    853,
    6343,
    5307,
    5921
  ],
  "12": [
    2146,
    4912,
    665,
    1354,
    2563,
    1354
  ],
  "13": [
    2790,
    4480,
    1696,
    589,
    5674,
    5921,
    4100
  ],
  "14": [
    5921,
    4100,
    5375,
    1320,
    8127,
    5315,
    7760,
    3709
  ],
  "15": [
    2005,
    6991,
    9001,
    3176,
    389,
    1870,
    413,
    6440,
    3198
  ],
  "16": [
    1571,
    1931,
    9001,
    3444,
    3588,
    3808,
    3942,
    2611,
    935
  ],
  "17": [
    8085,
    8085,
    4405,
    262,
    241
  ],
  "18": [
    2009,
    4994,
    6186,
    4941,
    3045,
    3588,
    589,
    6663
  ],
  "19": [
    4310,
    1931,
    7378,
    5978,
    3588,
    6258,
    2790,
    1478
  ],
  "20": [
    389,
    8147,
    408,
    6213,
    5978,
    227,
    6440,
    3808,
    5641
  ],
  "21": [
    3709,
    5921,
    7368,
    367,
    408,
    1204
  ],
  "22": [
    7121,
    595,
    6030,
    176,
    1696,
    7725
  ],
  "23": [
    4100,
    9001,
    5771,
    2403,
    6588,
    2403,
    3045
  ],
  "24": [
    4100,
    6440,
    5641,
    2803,
    341,
    9001
  ],
  "25": [
    5929,
    5086,
    6206,
    853,
    7179,
    3002,
    7291
  ],
  "26": [
    3588,
    3789,
    5921,
    4846,
    3423,
    5771,
    5271
  ],
  "27": [
    7760,
    5465,
    7272,
    8104,
    3605,
    734,
    5921,
    8328,
    7272,
    2707
  ],
  "28": [
    1931,
    7538,
    1086,
    899,
    398,
    6211
  ]
}