{
  "1": [
    6030,
    347,
    559
  ],
  "2": [
    8085,
    8085,
    4405,
    1961,
    2063,
    8575
  ],
  "3": [
    5375,
    595,
    1696,
    310,
    1696,
    3932
  ],
  "4": [
    595,
    120,
    7879,
    518,
    4069,
    3808,
    7114,
    7307
  ],
  "5": [
    6437,
    413,
    8074,
    7760,
    3027,
    5921,
    6310
  ],
  "6": [
    518,
    2142,
    926,
    270,
    1320,
    6427
  ],
  "7": [
    4069,
    7563,
    2421,
    6275,
    1571,
    1396,
    2428
  ],
  "8": [
    2233,
    3559,
    3942,
    5973,
    6631,
    5869
  ],
  "9": [
    1004,
    7965,
    6343,
    3808,
    7626,
    433,
    5921
  ],
  "10": [
    7794,
    5674,
    3808,
    1602,
    6403,
    6510,
    3808,
    7921
  ],
  "11": [
    7971,
    6629,
    5759,
    3206,
    7540
  ],
  "12": [
    5375,
    8596,
    3658,
    8055,
    6963,
    5748
  ],
  "13": [
    3615,
    2896,
    3117,
    7281,
    7585,
    5181
  ],
  "14": [
    559,
    410,
    5493,
    4480,
    1847,
    1870,
    3808,
    2654
  ],
  "15": [
    4100,
    7706,
    3588,
    5647,
    4100,
    3276,
    3588,
    6293,
    9002
  ],
  "16": [
    2005,
    3808,
    3027,
    2898,
    6098,
    7563,
    7368,
    4480
  ],
  "17": [
    4100,
    5216,
    7563,
    1846,
    935,
    5921,
    343,
    2256,
    2505,
    639
  ],
  "18": [
    1961,
    8401,
    3942,
    7307,
    4671,
    1589,
    5492
  ],
  "19": [
    433,
    6845,
    1121,
    205,
    7999,
    413,
    3045
  ],
  "20": [
    7200,
    5869,
    3589,
    2534,
    7706,
    8354
  ],
  "21": [
    3588,
    4100,
    2656,
    1004,
    310,
    4557,
    2320,
    2686
  ],
  "22": [
    410,
    3925,
    1847,
    1931,
    7311,
    8199
  ],
  "23": [
    2088,
    4191,
    6106,
    8537,
    3605,
    7946,
    7961
  ],
  "24": [
    5845,
    4390,
    2461,
    4221,
    6106,
    8248
  ],
  "25": [
    2088,
    4191,
    5315,
    4751,
    3808,
    398,
    2896
  ],
  "26": [
    3162,
    5921,
    6083,
    7901,
    7415,
    3680,
    5921
  ],
  "27": [
    2005,
    3045,
    4284,
    4209,
    5921,
    2554
  ],
  "28": [
    3588,
    559,
    346,
    1004,
    5081,
    346,
    168,
    4908,
    7563
  ],
  "29": [
    3808,
    7592,
    5674,
    1870,
    226,
    3808,
    5234
  ],
  "30": [
    3588,
    3117,
    343,
    2820,
    7451,
    3117,
    5678,
    2986
  ],
  "31": [
    4310,
    5046,
    5921,
    6440,
    1870,
    1931,
    6213,
    4310,
    7999,
    9001
  ],
  "32": [
    1931,
    6913,
    2986,
    5921,
    1430,
    8245
  ],
  "33": [
    4985,
    9001,
    7263,
    5158,
    310,
    3605,
    120,
    4900,
    3942,
    369,
    4557
  ],
  "34": [
    349,
    5162,
    1892,
    8666,
    7604,
    4604,
    9014
  ]
}