{
  "1": [
    6030,
    347,
    559
  ],
  "2": [
    4100,
    5826,
    3808,
    3581,
    3467,
    2220,
    3808,
    5797
  ],
  "3": [
    4100,
    3289,
    3808,
    2451,
    8454,
    7230,
    3045
  ],
  "4": [
    854,
    4310,
    5046,
    4405,
    5397,
    4310,
    3318,
    4480
  ],
  "5": [
    7496,
    2342,
    8478,
    4325,
    7931
  ],
  "6": [
    6174,
    7585,
    5048,
    369,
    3682,
    11
  ],
  "7": [
    5186,
    6828,
    5921,
    8414,
    8518,
    776,
    5921,
    1099,
    1099
  ],
  "8": [
    6887,
    4325,
    5645,
    3808,
    1234,
    6051,
    8478
  ],
  "9": [
    270,
    6440,
    3678,
    6576,
    5921,
    6051
  ],
  "10": [
    2706,
    2328,
    5921,
    6440,
    4325,
    5704,
    8503,
    216,
    5973,
    2822
  ],
  "11": [
    5982,
    8064,
    7322,
    8539,
    1606
  ],
  "12": [
    3581,
    7280,
    3220,
    8394,
    4272,
    7294
  ],
  "13": [
    7307,
    8064,
    8235,
    2490,
    3027,
    5175,
    1281
  ],
  "14": [
    2005,
    428,
    7098,
    1870,
    4100,
    8102,
    1697,
    8085,
    9002,
    7482,
    1369,
    4310,
    995,
    9014
  ]
}