{
  "1": [
    6030,
    347,
    559
  ],
  "2": [
    1571,
    3117,
    4805,
    7879,
    3027,
    3513,
    5921,
    585
  ],
  "3": [
    4310,
    5414,
    3045,
    4672,
    935,
    5704,
    8498
  ],
  "4": [
    6186,
    3942,
    4941,
    6310,
    4390,
    8433
  ],
  "5": [
    3045,
    4405,
    6030,
    995,
    4100,
    559,
    9001
  ],
  "6": [
    7230,
    3581,
    7378,
    5978,
    3808,
    389,
    1931,
    7760,
    9002
  ],
  "7": [
    8033,
    3477,
    3198,
    5973,
    6403,
    5331,
    8199
  ],
  "8": [
    2005,
    6924,
    1980,
    369,
    268,
    3808,
    995,
    9001
  ],
  "9": [
    8040,
    6213,
    3808,
    2372,
    5848,
    3225,
    3808,
    7200
  ],
  "10": [
    3588,
    3045,
    1870,
    5978,
    974,
    2091,
    3318
  ],
  "11": [
    838,
    270,
    7272,
    1870,
    8104,
    3808,
    5186
  ],
  "12": [
    4687,
    8193,
    3808,
    4185,
    2706,
    6845,
    561,
    6310
  ],
  "13": [
    1931,
    259,
    4310,
    7725,
    5315,
    183,
    6213
  ],
  "14": [
    3588,
    7999,
    2706,
    2007,
    7227,
    5973
  ],
  "15": [
    5921,
    3651,
    6440,
    926,
    995,
    6342,
    4480
  ],
  "16": [
    410,
    7401,
    3820,
    7706,
    926
  ],
  "17": [
    3588,
    3808,
    6789,
    6440,
    2822,
    6440,
    3680,
    652
  ]
}