{
  "1": [
    3254,
    347,
    5375,
    4912,
    559
  ],
  "2": [
    4310,
    5414,
    3391,
    6924,
    3117,
    433,
    8104
  ],
  "3": [
    1984,
    5216,
    5921,
    7218,
    216,
    1980,
    2822
  ],
  "4": [
    834,
    1961,
    3117,
    2779,
    5475,
    433,
    5921,
    168
  ],
  "5": [
    5750,
    7706,
    5978,
    5439,
    5288
  ],
  "6": [
    7364,
    1978,
    2529,
    6697,
    6694,
    5978,
    6388,
    8081
  ],
  "7": [
    3318,
    8179,
    5921,
    7176,
    7339,
    3559,
    4186
  ],
  "8": [
    7200,
    5288,
    2244,
    3453,
    6965,
    5975
  ],
  "9": [
    8269,
    6113,
    4405,
    3709,
    7760,
    6310
  ],
  "10": [
    6963,
    5057,
    2244,
    3956,
    2441,
    1692
  ],
  "11": [
    3588,
    241,
    8085,
    833,
    5869,
    7200,
    5749
  ],
  "12": [
    3588,
    4422,
    6041,
    7768,
    3490,
    3808,
    5826,
    9001
  ],
  "13": [
    1293,
    6,
    5921,
    935,
    3820,
    490,
    7442
  ],
  "14": [
    6664,
    3847,
    3847,
    4598,
    6797,
    4941
  ],
  "15": [
    5869,
    1961,
    5787,
    7272,
    6455,
    589
  ],
  "16": [
    1,
    595,
    34,
    7379,
    3808,
    3045,
    2713
  ],
  "17": [
    7665,
    4973,
    5767,
    8127,
    7993,
    2964
  ],
  "18": [
    559,
    5973,
    7064,
    1478,
    2344,
    7235,
    3117
  ],
  "19": [
    8328,
    6605,
    413,
    4325,
    2919,
    3885,
    7105
  ],
  "20": [
    3519,
    2319,
    5978,
    7198,
    3027,
    2498
  ],
  "21": [
    9001,
    8085,
    3176,
    1826,
    3926,
    6098
  ],
  "22": [
    310,
    1697,
    3808,
    8138,
    5921,
    5197,
    4405
  ],
  "23": [
    3176,
    4306,
    9001,
    6310,
    6473,
    4456
  ],
  "24": [
    7832,
    413,
    3808,
    539,
    216,
    6440,
    3808,
    5307
  ],
  "25": [
    977,
    1870,
    3427,
    7218,
    7931,
    4428,
    1416,
    834,
    57,
    5162
  ]
}