{
  "1": [
    6030,
    464,
    8489,
    559
  ],
  "2": [
    410,
    5532,
    1397,
    3588,
    5532,
    5921,
    7919
  ],
  "3": [
    2656,
    7706,
    3588,
    6663,
    518,
    1215,
    3588,
    8552,
    1870
  ],
  "4": [
    3374,
    3198,
    935,
    5973,
    4941
  ],
  "5": [
    3808,
    7451,
    7227,
    369,
    7093,
    5771
  ],
  "6": [
    3588,
    2254,
    251,
    2600,
    899,
    6174,
    6584
  ],
  "7": [
    3808,
    4325,
    5889,
    8248,
    7457,
    4513,
    3899
  ],
  "8": [
    376,
    2220,
    9001,
    776,
    5375,
    6440,
    3427,
    9002
  ],
  "9": [
    490,
    7971,
    7387,
    2220,
    3490,
    1792
  ],
  "10": [
    5921,
    3651,
    5439,
    6341,
    926,
    6343,
    6597
  ],
  "11": [
    176,
    2822,
    3808,
    7200,
    8229,
    4325,
    3680
  ],
  "12": [
    3808,
    433,
    1363,
    8064,
    7200,
    7218,
    3556,
    3588,
    7311
  ],
  "13": [
    559,
    4100,
    3045,
    410,
    1157,
    6205,
    8199
  ],
  "14": [
    5645,
    5643,
    9001,
    3808,
    7200,
    2329,
    8064,
    1980
  ],
  "15": [
    734,
    5769,
    8104,
    834,
    1869,
    4962,
    205
  ],
  "16": [
    834,
    7059,
    3808,
    6256,
    5104,
    3332,
    3247
  ],
  "17": [
    559,
    410,
    5493,
    4480,
    4100,
    6466,
    7706,
    9001
  ],
  "18": [
    1931,
    4390,
    1004,
    2896,
    6098,
    7563,
    7368,
    4480
  ],
  "19": [
    7200,
    6662,
    8055,
    5355,
    3932,
    9001
  ],
  "20": [
    518,
    3808,
    3582,
    7009,
    3499,
    398,
    784
  ],
  "21": [
    5532,
    4994,
    5973,
    7999,
    9002,
    935,
    2896
  ],
  "22": [
    3947,
    4994,
    6310,
    8451,
    7760,
    561,
    3824
  ],
  "23": [
    518,
    7725,
    5704,
    7706,
    1129,
    7368,
    5766,
    168
  ],
  "24": [
    7896,
    5921,
    6083,
    1220,
    6697,
    5158,
    211
  ],
  "25": [
    1961,
    7706,
    1220,
    3701,
    8443,
    9001
  ],
  "26": [
    3588,
    227,
    5921,
    7706,
    6026,
    5375,
    413,
    433,
    6440
  ],
  "27": [
    6279,
    413,
    8085,
    5088,
    7999
  ],
  "28": [
    1504,
    562,
    6965,
    9001,
    5921,
    1870,
    5050,
    216
  ],
  "29": [
    3588,
    8213,
    559,
    1466,
    7807,
    5869,
    3467
  ],
  "30": [
    4422,
    336,
    5355,
    4422,
    1252,
    3709,
    9015
  ]
}