{
  "1": [
    3254,
    453,
    559
  ],
  "2": [
    3803,
    9001,
    2191,
    2331,
    3588,
    5750,
    433,
    4405
  ],
  "3": [
    5375,
    1843,
    7350,
    6466,
    5414,
    6664
  ],
  "4": [
    3588,
    551,
    3808,
    8267,
    4405,
    8549,
    1844,
    5973
  ],
  "5": [
    2005,
    410,
    3524,
    3808,
    3988,
    3524,
    3581,
    3820
  ],
  "6": [
    3808,
    2421,
    7563,
    4941,
    6041,
    5414
  ],
  "7": [
    3808,
    1639,
    6662,
    5869,
    854,
    4428,
    3678,
    3427,
    5331,
    1361
  ],
  "8": [
    518,
    631,
    2131,
    3920,
    2256,
    6040
  ],
  "9": [
    5046,
    9001,
    6467,
    6588,
    3588,
    1396
  ],
  "10": [
    1540,
    241,
    4148,
    559,
    3588,
    7725,
    205
  ],
  "11": [
    518,
    8085,
    5647,
    3615,
    3117,
    2896,
    8141,
    5273
  ],
  "12": [
    518,
    3808,
    8085,
    7973,
    5674,
    1478,
    1097,
    1847
  ],
  "13": [
    2611,
    3820,
    7760,
    639,
    3808,
    7768,
    3588,
    631
  ],
  "14": [
    4191,
    5290,
    5315,
    2416,
    6945
  ],
  "15": [
    2502,
    6041,
    6040,
    1540,
    3906,
    241
  ],
  "16": [
    637,
    5496,
    6310,
    6862,
    7338,
    3808,
    4164,
    8478,
    5183,
    7979,
    4390,
    1880
  ],
  "17": [
    1779,
    7563,
    4390,
    1779,
    4941,
    8551
  ],
  "18": [
    3588,
    2534,
    6435,
    5496,
    5607,
    7230,
    3724,
    408,
    5186
  ],
  "19": [
    6186,
    7769,
    3808,
    1222,
    3605,
    3981,
    3581
  ],
  "20": [
    408,
    7602,
    3915,
    5927,
    5971,
    8478
  ],
  "21": [
    8104,
    408,
    6437,
    413,
    205,
    3588,
    5921,
    2088,
    977,
    6040
  ],
  "22": [
    2005,
    410,
    7682,
    3581,
    4310,
    3644,
    3384
  ],
  "23": [
    4310,
    6485,
    5921,
    1870,
    4310,
    559,
    6466,
    5766
  ],
  "24": [
    2142,
    3588,
    7679,
    6467,
    834,
    7891,
    376
  ],
  "25": [
    3605,
    120,
    2372,
    9002,
    582,
    5027,
    7350
  ],
  "26": [
    2005,
    410,
    7689,
    3808,
    3045,
    4557,
    8141,
    3808,
    2714
  ],
  "27": [
    3588,
    1639,
    5198,
    4325,
    2212,
    4306,
    108
  ],
  "28": [
    834,
    5140,
    7834,
    7491,
    5921,
    120,
    7227
  ],
  "29": [
    637,
    518,
    995,
    4666,
    5645,
    8663,
    5521
  ],
  "30": [
    2005,
    6566,
    5921,
    216,
    8328,
    3220,
    3680
  ],
  "31": [
    3588,
    9002,
    1777,
    5971,
    5414,
    400,
    4342
  ],
  "32": [
    5921,
    3709,
    3680,
    216,
    6680,
    5921,
    6293
  ],
  "33": [
    5046,
    5921,
    7452,
    4735,
    637,
    5921,
    5927
  ]
}