{
  "1": [
    6030,
    3068,
    853,
    347,
    4480,
    5591,
    559
  ],
  "2": [
    4310,
    2088,
    2821,
    6098,
    4405,
    1097,
    1847
  ],
  "3": [
    247,
    4994,
    1397,
    2504,
    7592,
    3045
  ],
  "4": [
    375,
    1961,
    3245,
    776,
    5046,
    518,
    3045,
    998
  ],
  "5": [
    4310,
    7760,
    4461,
    3588,
    3045,
    176,
    4310,
    5186,
    5921,
    6957
  ],
  "6": [
    5921,
    4100,
    134,
    2883,
    176,
    4310,
    3384,
    68,
    6438
  ],
  "7": [
    7442,
    3162,
    3556,
    1242,
    7321,
    3605,
    1121,
    430
  ],
  "8": [
    5526,
    1817,
    3220,
    1518,
    7358,
    3318
  ],
  "9": [
    7760,
    6051,
    3830,
    6205,
    2854
  ],
  "10": [
    7665,
    5921,
    2706,
    7760,
    1280,
    1817
  ],
  "11": [
    559,
    5704,
    6311,
    935,
    3808,
    3254,
    6311,
    7896,
    1347,
    1530
  ],
  "12": [
    3117,
    6680,
    1242,
    3045,
    7837,
    4725
  ],
  "13": [
    270,
    3671,
    776,
    5287,
    7563,
    4480
  ],
  "14": [
    2015,
    2563,
    2368,
    3320,
    3644,
    3830
  ],
  "15": [
    4513,
    7563,
    216,
    2220,
    7311,
    7665
  ],
  "16": [
    935,
    5704,
    5033,
    3220,
    2714,
    8415,
    1980
  ],
  "17": [
    1540,
    9001,
    8179,
    4194,
    8179,
    6757,
    7200
  ],
  "18": [
    995,
    5704,
    7338,
    776,
    5046,
    518,
    3045,
    3605
  ],
  "19": [
    335,
    2088,
    1870,
    7931,
    216,
    2822,
    335,
    2088,
    4725
  ],
  "20": [
    3588,
    3947,
    413,
    1366,
    3588,
    995,
    5410,
    1004
  ],
  "21": [
    3045,
    3588,
    227,
    3205,
    4557,
    3117,
    7227
  ],
  "22": [
    935,
    413,
    214,
    7950,
    214,
    1259,
    7200
  ],
  "23": [
    834,
    2820,
    6256,
    6862,
    3117,
    7128,
    4421
  ],
  "24": [
    335,
    2088,
    1870,
    2505,
    216,
    6327,
    6921,
    5921,
    776
  ],
  "25": [
    4310,
    6385,
    7858,
    8585,
    1870,
    2385,
    6963
  ],
  "26": [
    4305,
    5921,
    776,
    3808,
    376,
    4057,
    3808,
    120,
    9002
  ],
  "27": [
    7646,
    7722,
    4875,
    6779,
    4161,
    1877
  ],
  "28": [
    3426,
    4306,
    1,
    176,
    4310,
    3205,
    96,
    2919
  ],
  "29": [
    990,
    4310,
    3318,
    7140,
    3713,
    8064,
    4310,
    3205
  ],
  "30": [
    68,
    4325,
    2244,
    6440,
    8415,
    3920
  ],
  "31": [
    7194,
    4575,
    3598,
    176,
    4189,
    3685,
    6605
  ],
  "32": [
    3318,
    4216,
    6256,
    5906,
    5921,
    1121,
    5148
  ],
  "33": [
    3045,
    2708,
    8064,
    518,
    7760,
    4896,
    776
  ],
  "34": [
    7311,
    5645,
    6963,
    8229,
    4325,
    3680
  ],
  "35": [
    7971,
    1300,
    1980,
    559,
    9001,
    2005
  ],
  "36": [
    4310,
    7896,
    2910,
    2451,
    176,
    4310,
    5414,
    7907,
    998
  ],
  "37": [
    4310,
    5608,
    7834,
    2451,
    5035,
    8064,
    4310,
    7901
  ],
  "38": [
    3332,
    6083,
    4165,
    7263,
    1692
  ],
  "39": [
    6679,
    3833,
    2964,
    2416,
    3715,
    4390
  ],
  "40": [
    3588,
    7817,
    4585,
    3427,
    5521,
    3926,
    695
  ],
  "41": [
    4310,
    3559,
    6158,
    6718,
    3588,
    3206,
    413,
    410,
    7768,
    8582,
    1097,
    400
  ]
}