{
  "1": [
    3045,
    6256,
    3205,
    3277,
    5553,
    2342,
    355,
    8104
  ],
  "2": [
    5608,
    3391,
    4390,
    3045,
    6256,
    3205
  ],
  "3": [
    3766,
    3206,
    6398,
    2256,
    7971
  ],
  "4": [
    2492,
    1121,
    7235,
    1250,
    3318,
    3808,
    7725,
    9001
  ],
  "5": [
    4310,
    7971,
    6501,
    2670,
    4147,
    6171,
    4310,
    6605
  ],
  "6": [
    834,
    7760,
    6160,
    1004,
    4908,
    4420
  ],
  "7": [
    7832,
    1995,
    7151,
    8663,
    5065,
    3808,
    8085
  ],
  "8": [
    8446,
    2022,
    4829,
    310,
    3605,
    3387,
    1875
  ],
  "9": [
    14,
    7214,
    5647,
    518,
    3885,
    5921,
    18
  ],
  "10": [
    7194,
    7214,
    8525,
    5688,
    518,
    7702,
    6010,
    310
  ],
  "11": [
    982,
    9002,
    3588,
    7227,
    3581,
    5800,
    413,
    3018
  ],
  "12": [
    539,
    9002,
    3588,
    7725,
    2233,
    1637,
    622
  ],
  "13": [
    3671,
    7443,
    5965,
    518,
    84,
    2624,
    5133
  ],
  "14": [
    3588,
    5800,
    776,
    1000,
    5921,
    6083,
    2552
  ],
  "15": [
    7911,
    3588,
    7272,
    2115,
    2416,
    7704,
    1758
  ],
  "16": [
    7188,
    1121,
    3808,
    9001,
    7385,
    3018,
    1097,
    6343
  ],
  "17": [
    3588,
    5382,
    433,
    2451,
    3808,
    2505,
    9001,
    998
  ],
  "18": [
    6256,
    4791,
    4754,
    7832,
    5483,
    7392
  ],
  "19": [
    5414,
    5483,
    1369,
    3847,
    6677,
    7483
  ],
  "20": [
    7493,
    697,
    1935,
    5170,
    367
  ],
  "21": [
    2658,
    6010,
    7797,
    3581,
    3318,
    7125,
    5402
  ],
  "22": [
    7832,
    6343,
    3808,
    2865,
    3808,
    7725,
    6440,
    2719
  ],
  "23": [
    5921,
    7439,
    827,
    3851,
    2595,
    3591
  ],
  "24": [
    7494,
    7267,
    1572,
    776,
    3808,
    539,
    3588,
    6963,
    7782
  ],
  "25": [
    1767,
    7782,
    559,
    1889,
    7350,
    7306,
    4421,
    7482,
    8269,
    8643
  ],
  "26": [
    998,
    82,
    5322,
    6566,
    3671,
    8486
  ],
  "27": [
    518,
    5921,
    6310,
    1361,
    5404,
    3588,
    7311,
    7064
  ],
  "28": [
    5553,
    7931,
    3885,
    5921,
    8127,
    5553,
    4686
  ],
  "29": [
    8033,
    2658,
    400,
    7350,
    5869,
    5027
  ],
  "30": [
    667,
    5966,
    1818,
    834,
    2491,
    8033,
    1931,
    9015
  ]
}