{
  "1": [
    7673,
    7969,
    376,
    428,
    6030,
    853,
    347,
    3588,
    1931,
    6662,
    5869,
    9015
  ],
  "2": [
    2734,
    639,
    453,
    1121,
    1292,
    940,
    4940,
    7410,
    347,
    2734,
    639,
    5921,
    6663,
    5315,
    430
  ],
  "3": [
    7969,
    7453,
    2734,
    639,
    5921,
    834,
    3808,
    4672,
    4617,
    7561,
    853,
    347
  ],
  "4": [
    453,
    2442,
    853,
    347,
    1697,
    3588,
    2205,
    1992,
    4480,
    3117
  ],
  "5": [
    7200,
    453,
    3588,
    369,
    4617,
    6310,
    7969,
    376,
    2734,
    639,
    9015
  ],
  "6": [
    6030,
    453,
    1121,
    1292,
    940,
    559,
    6810,
    589,
    3117,
    859,
    3453,
    5921,
    3651,
    2119,
    3372,
    2331,
    1843,
    853
  ],
  "7": [
    559,
    3117,
    1696,
    7230,
    8141,
    3045,
    2451
  ],
  "8": [
    403,
    7307,
    1931,
    582,
    5397,
    7706,
    995
  ],
  "9": [
    3808,
    7227,
    2449,
    2205,
    995,
    4941
  ],
  "10": [
    3651,
    559,
    8085,
    9001,
    2331,
    1843,
    637,
    589
  ],
  "11": [
    2005,
    3176,
    1697,
    238,
    5704,
    8394,
    5704,
    2713,
    4405
  ],
  "12": [
    5704,
    995,
    2009,
    369,
    347,
    3198,
    6030,
    561,
    4480
  ],
  "13": [
    6435,
    559,
    4672,
    2451,
    410,
    5086,
    3808,
    376
  ],
  "14": [
    3808,
    6186,
    413,
    4405,
    561,
    3808,
    7725
  ],
  "15": [
    2865,
    3808,
    6030,
    5750,
    6275,
    4480,
    4405
  ],
  "16": [
    3176,
    3588,
    3808,
    1696,
    3588,
    5975,
    3808,
    6030,
    5750
  ],
  "17": [
    6030,
    637,
    589,
    2506,
    2331,
    1843,
    637,
    589
  ],
  "18": [
    3588,
    4390,
    4405,
    6693,
    7307,
    990
  ],
  "19": [
    2009,
    990,
    3196,
    3808,
    6605,
    178,
    2319,
    1234
  ],
  "20": [
    1696,
    7304,
    9001,
    6605,
    8193,
    6030
  ],
  "21": [
    408,
    4994,
    5375,
    6440,
    376,
    413,
    120,
    3808,
    3655
  ],
  "22": [
    3588,
    3808,
    3045,
    3655,
    4592,
    5375,
    6213
  ]
}