{
  "1": [
    6030,
    453,
    559
  ],
  "2": [
    2063,
    2803,
    4941,
    559,
    6664,
    410
  ],
  "3": [
    3588,
    559,
    4100,
    5532,
    9001,
    4100,
    3276,
    2403
  ],
  "4": [
    589,
    7725,
    4405,
    853,
    7453,
    5973
  ],
  "5": [
    5027,
    8064,
    7200,
    7789,
    7834,
    1361,
    4480
  ],
  "6": [
    518,
    2398,
    4100,
    6466,
    9002,
    7231,
    6588,
    4100,
    6213,
    9001
  ],
  "7": [
    518,
    6663,
    4100,
    5414,
    9001,
    176,
    4100,
    3027,
    3947
  ],
  "8": [
    376,
    3644,
    7562,
    1121,
    120,
    6666
  ],
  "9": [
    7230,
    6217,
    2199,
    7768,
    2220,
    7227
  ],
  "10": [
    3808,
    559,
    346,
    433,
    6213,
    5414,
    2158,
    3915
  ],
  "11": [
    502,
    929,
    776,
    5775,
    8064,
    2449
  ],
  "12": [
    8033,
    6817,
    3808,
    6030,
    6440,
    1347,
    7451
  ],
  "13": [
    389,
    7723,
    3808,
    8085,
    410,
    7706,
    3808,
    7789
  ],
  "14": [
    637,
    3588,
    559,
    3808,
    7789,
    1779,
    3942,
    2342,
    9001
  ],
  "15": [
    6258,
    3588,
    369,
    6485,
    639,
    3808,
    3045,
    6580,
    3966
  ],
  "16": [
    347,
    1892,
    6475,
    6310,
    1097,
    1847,
    4405,
    3527,
    9015
  ]
}