{
  "1": [
    4900,
    3882,
    2443,
    2256,
    8257,
    3956
  ],
  "2": [
    7760,
    100,
    639,
    2336,
    5344,
    3895
  ],
  "3": [
    7235,
    413,
    8469,
    518,
    1696,
    413,
    7390
  ],
  "4": [
    3772,
    1285,
    5973,
    3947,
    5650,
    5769
  ],
  "5": [
    7832,
    9002,
    6833,
    7194,
    5291
  ],
  "6": [
    3739,
    5921,
    2271,
    2673,
    996,
    3669
  ],
  "7": [
    4390,
    7905,
    5785,
    6767,
    1709,
    7218
  ],
  "8": [
    7760,
    5921,
    3709,
    2142,
    4421,
    408,
    3254
  ],
  "9": [
    2005,
    8431,
    3576,
    1571,
    413,
    4758,
    2904
  ],
  "10": [
    3808,
    393,
    3588,
    5782,
    4310,
    1931,
    3942,
    3320
  ],
  "11": [
    4310,
    6923,
    7999,
    8478,
    3605,
    8064,
    9001,
    1931
  ],
  "12": [
    9001,
    2790,
    905,
    1697,
    1369,
    2433,
    6187
  ],
  "13": [
    4310,
    1540,
    6440,
    3830,
    3718,
    7448,
    4310,
    935
  ],
  "14": [
    1817,
    6440,
    4310,
    6605,
    5439,
    8127,
    367
  ],
  "15": [
    1346,
    650,
    4043,
    5462,
    2368,
    6862
  ],
  "16": [
    259,
    259,
    5066,
    7307,
    3808,
    935,
    996
  ],
  "17": [
    376,
    251,
    1692,
    3920,
    3808,
    6504
  ],
  "18": [
    5846,
    1984,
    216,
    5869,
    6079,
    7837
  ],
  "19": [
    6310,
    3940,
    1980,
    3590,
    784,
    4422
  ],
  "20": [
    5156,
    3318,
    6227,
    1731,
    5301,
    100
  ],
  "21": [
    5315,
    1513,
    3857,
    3851,
    6310,
    3318
  ],
  "22": [
    6677,
    3885,
    5797,
    3942,
    1750,
    1670
  ],
  "23": [
    4651,
    1320,
    1692,
    3332,
    5921,
    1077,
    4131
  ],
  "24": [
    3820,
    3332,
    3644,
    68,
    3332,
    6400,
    8482
  ],
  "25": [
    7613,
    1481,
    410,
    7667,
    2398
  ],
  "26": [
    5381,
    2719,
    1097,
    6965,
    2595,
    4551,
    8302
  ],
  "27": [
    2803,
    8401,
    1270,
    6086,
    7539,
    5154
  ],
  "28": [
    3808,
    1272,
    1121,
    7198,
    7179,
    2015,
    9001,
    68,
    7050
  ],
  "29": [
    7179,
    2803,
    8455,
    7832,
    7494,
    3591
  ],
  "30": [
    8478,
    2303,
    2789,
    7502,
    2742,
    5921,
    2916
  ],
  "31": [
    7570,
    5518,
    4688,
    3220,
    7760,
    4841
  ],
  "32": [
    310,
    215,
    5410,
    2803,
    8415,
    7872
  ],
  "33": [
    369,
    5921,
    6083,
    4915,
    6213,
    1097,
    2844
  ],
  "34": [
    853,
    3605,
    1364,
    7200,
    1931,
    4428,
    5921,
    3605,
    1121,
    7830,
    9014
  ]
}