{
  "1": [
    8605,
    6041,
    3588,
    5848,
    3942,
    3068,
    8210,
    7879,
    3068,
    8085,
    8605,
    7775,
    413,
    935
  ],
  "2": [
    408,
    5641,
    6440,
    4480,
    3117,
    6862,
    9001,
    5186,
    413,
    241,
    3117,
    7121,
    4118,
    6030
  ],
  "3": [
    3588,
    3615,
    6227,
    3117,
    6106,
    4168,
    4168,
    2787
  ],
  "4": [
    5221,
    6212,
    3001,
    3820,
    3588,
    7911,
    398,
    3899
  ],
  "5": [
    6963,
    585,
    1692,
    6106,
    1320
  ],
  "6": [
    1819,
    6893,
    4057,
    1961,
    3563,
    2723
  ],
  "7": [
    8245,
    1961,
    6833,
    909,
    5921,
    1406
  ],
  "8": [
    3605,
    3117,
    2778,
    341,
    1984,
    9002,
    7650
  ],
  "9": [
    3588,
    665,
    3899,
    398,
    8249,
    1065,
    4537
  ],
  "10": [
    6440,
    2195,
    7110,
    3588,
    5375,
    7993
  ],
  "11": [
    3117,
    6738,
    5186,
    589,
    6212,
    3001
  ],
  "12": [
    859,
    3068,
    5769,
    3427,
    2143,
    1755,
    1755
  ],
  "13": [
    859,
    6965,
    7355,
    6726,
    3588,
    6256,
    2603,
    3588,
    935,
    4150
  ],
  "14": [
    3588,
    7521,
    5650,
    853,
    68,
    853,
    6083,
    2603
  ],
  "15": [
    3372,
    1471,
    853,
    8034,
    3068,
    3605,
    4428,
    776,
    853,
    3519
  ],
  "16": [
    3588,
    1129,
    3068,
    6726,
    7200,
    3519
  ],
  "17": [
    6437,
    413,
    8605,
    6199,
    3808,
    959,
    853,
    8605
  ],
  "18": [
    3789,
    2063,
    1755,
    314,
    5971,
    1254,
    1984,
    3050
  ],
  "19": [
    3588,
    8259,
    4791,
    6944,
    3068,
    8064,
    413,
    776,
    5027
  ],
  "20": [
    8085,
    603,
    615,
    6605,
    1121,
    8546
  ],
  "21": [
    5608,
    6726,
    8034,
    3068,
    8416,
    3389
  ],
  "22": [
    6908,
    5971,
    3162,
    4467,
    5647,
    853,
    3068
  ],
  "23": [
    6031,
    1870,
    3581,
    7114,
    3117
  ],
  "24": [
    559,
    410,
    408,
    5927,
    2677,
    3117,
    1755,
    1755,
    8141
  ],
  "25": [
    6440,
    776,
    3245,
    4639,
    3027,
    8064
  ],
  "26": [
    1992,
    6,
    859,
    5975,
    3605,
    899,
    1086,
    3830,
    2498,
    2498
  ],
  "27": [
    859,
    1931,
    8141,
    3808,
    8552
  ],
  "28": [
    1121,
    5650,
    7931,
    2233,
    3942,
    3559
  ]
}