{
  "1": [
    7892,
    4609,
    413,
    3068,
    6869,
    9001,
    7121,
    6030
  ],
  "2": [
    3068,
    5337,
    5315,
    8193,
    8267,
    3956,
    7423
  ],
  "3": [
    4100,
    5414,
    9001,
    4100,
    3254,
    9001,
    3956,
    7423
  ],
  "4": [
    2671,
    1368,
    8150,
    5973,
    1513,
    7574
  ],
  "5": [
    190,
    9001,
    3588,
    1481,
    4902,
    7931,
    5973,
    168,
    6938
  ],
  "6": [
    7227,
    7931,
    9001,
    5315,
    5973,
    8130,
    7965
  ],
  "7": [
    589,
    7965,
    3588,
    1696,
    1992,
    4421
  ]
}