{
  "1": [
    7892,
    4609,
    2142,
    3068,
    1732,
    853,
    3605,
    6031
  ],
  "2": [
    834,
    7650,
    3068,
    5087,
    46,
    3290
  ],
  "3": [
    518,
    935,
    168,
    1004,
    518,
    5927,
    5921,
    6210,
    3326
  ],
  "4": [
    518,
    5414,
    8153,
    5869,
    6079,
    8572
  ],
  "5": [
    5704,
    4672,
    4725,
    3068,
    4908,
    46,
    3290
  ],
  "6": [
    2009,
    8085,
    672,
    4672,
    7704,
    3293
  ],
  "7": [
    935,
    4908,
    9013,
    1916,
    7272
  ],
  "8": [
    6965,
    3068,
    4496,
    859,
    727,
    5797
  ],
  "9": [
    3548,
    3847,
    6664,
    2623,
    7442
  ],
  "10": [
    5668,
    1732,
    5650,
    408,
    7725,
    6440,
    4899
  ],
  "11": [
    7650,
    3068,
    1732,
    571,
    3808,
    7725,
    4480,
    6529,
    990,
    7896,
    3678,
    9001
  ],
  "12": [
    518,
    8104,
    1121,
    1285,
    5713,
    2097,
    3925,
    1571,
    1121,
    5704,
    5703,
    3427,
    3678,
    9001
  ],
  "13": [
    3588,
    977,
    3068,
    6726,
    183,
    4186,
    9001
  ],
  "14": [
    2063,
    4496,
    5704,
    5703,
    6311,
    3427,
    3588,
    183
  ],
  "15": [
    6718,
    1288,
    1288,
    34,
    7646,
    3899
  ],
  "16": [
    3548,
    3847,
    3468,
    2623,
    7442,
    7442
  ],
  "17": [
    8033,
    6779,
    7161,
    1732,
    6186,
    5216,
    4899
  ],
  "18": [
    341,
    3847,
    1322,
    5921,
    6692,
    5145
  ]
}