{
  "1": [
    1984,
    3050,
    1984,
    5650,
    3068,
    1984,
    853,
    8034,
    3068
  ],
  "2": [
    1961,
    8034,
    3068,
    1288,
    6258,
    5704,
    5769
  ],
  "3": [
    4217,
    8121,
    5704,
    3996,
    1984,
    8034,
    3068
  ],
  "4": [
    7311,
    5921,
    3605,
    1471,
    3068,
    5921,
    8064,
    3519
  ],
  "5": [
    4310,
    3068,
    430,
    1361,
    3427
  ],
  "6": [
    8213,
    7200,
    8064,
    776
  ],
  "7": [
    6965,
    6083,
    1800,
    830,
    7311,
    34
  ],
  "8": [
    3427,
    5973,
    5081,
    5973,
    5081,
    5971
  ],
  "9": [
    3427,
    6135,
    1004,
    517,
    1121,
    8056,
    1984,
    3050
  ]
}