{
  "1": [
    7892,
    4609,
    1732,
    3884,
    3068,
    1961,
    9001,
    559,
    4994,
    3478
  ],
  "2": [
    3884,
    3068,
    1961,
    9001,
    6965,
    5921,
    120
  ],
  "3": [
    233,
    2416,
    1104,
    2734,
    639,
    9002
  ],
  "4": [
    233,
    4325,
    7857,
    5158,
    5674,
    5921,
    5315
  ],
  "5": [
    233,
    5674,
    5921,
    5315,
    4325,
    2121
  ],
  "6": [
    1288,
    3068,
    3808,
    5414,
    2964,
    8127
  ],
  "7": [
    5315,
    6833,
    4422,
    6341,
    3369,
    6341,
    7665,
    587,
    4422
  ],
  "8": [
    5828,
    8034,
    3068,
    6213,
    8064,
    776
  ]
}