{
  "1": [
    7892,
    4609,
    4615,
    7121,
    3068
  ],
  "2": [
    136,
    8085,
    6963,
    1961,
    241,
    7183,
    6963,
    8469
  ],
  "3": [
    518,
    5771,
    8104,
    3050,
    136,
    4310,
    5975
  ],
  "4": [
    3588,
    5973,
    5547,
    4616,
    3372
  ],
  "5": [
    6960,
    3068,
    6960,
    5315,
    1697,
    3176
  ],
  "6": [
    5315,
    136,
    8104,
    1242,
    8104,
    1242
  ],
  "7": [
    3176,
    3478,
    413,
    3068,
    3588,
    5973,
    3068,
    2617,
    7235,
    5973,
    6304
  ],
  "8": [
    1931,
    6299,
    853,
    3478,
    3605,
    5771
  ]
}