{
  "1": [
    1984,
    3050,
    1984,
    853,
    8034,
    3068,
    1984,
    5650,
    3068
  ],
  "2": [
    5975,
    1004,
    3068,
    2691,
    1004,
    430
  ],
  "3": [
    1984,
    3050,
    3588,
    2896,
    3068,
    2167,
    8034,
    3588,
    5273
  ],
  "4": [
    3588,
    3290,
    977,
    9001,
    3050,
    3478,
    5459
  ],
  "5": [
    3588,
    589,
    3045,
    3588,
    1419,
    3068,
    113,
    3605,
    430
  ],
  "6": [
    3605,
    834,
    2654,
    3068,
    6213,
    8064,
    776,
    3220,
    3605,
    8415
  ],
  "7": [
    5927,
    5387,
    7097,
    776,
    1300,
    4306,
    6213,
    3318,
    7307,
    214
  ],
  "8": [
    5221,
    1060,
    4714,
    120,
    5704,
    929
  ],
  "9": [
    7971,
    226,
    4159,
    8432,
    4714,
    6547,
    3605,
    5650
  ],
  "10": [
    5221,
    1471,
    7227,
    2026,
    4428,
    6099
  ],
  "11": [
    5511,
    4428,
    567,
    5747,
    4428,
    1316,
    3605,
    4467,
    3667
  ],
  "12": [
    5414,
    776,
    5159,
    5159,
    3478,
    5971
  ],
  "13": [
    3068,
    8034,
    5769,
    3068,
    2143,
    1755,
    1755
  ],
  "14": [
    3588,
    1777,
    3068,
    5971,
    5921,
    5650,
    5162
  ],
  "15": [
    6091,
    1471,
    3701,
    2091,
    4639,
    3027,
    120
  ],
  "16": [
    6310,
    9001,
    3808,
    1696,
    5869,
    9001,
    3808,
    7200
  ],
  "17": [
    241,
    9001,
    3808,
    238,
    637,
    369,
    3426,
    7307,
    6310
  ],
  "18": [
    3644,
    1961,
    6213,
    3605,
    834,
    982,
    9002
  ],
  "19": [
    1004,
    3478,
    1288,
    853,
    3068,
    1004,
    175,
    1288,
    853,
    3068
  ],
  "20": [
    1004,
    3878,
    1288,
    853,
    3068,
    3372,
    3068,
    1288,
    853,
    3068
  ],
  "21": [
    1288,
    3068,
    6726,
    7931,
    3389,
    1984,
    3050
  ]
}