{
  "1": [
    7892,
    4210,
    1732,
    3559,
    3820,
    430,
    7891,
    2167,
    637,
    3519
  ],
  "2": [
    5782,
    5035,
    3658,
    5782,
    7837
  ],
  "3": [
    3034,
    5971,
    3068,
    2167,
    1077,
    523
  ],
  "4": [
    3588,
    1419,
    5921,
    8064,
    2617,
    5704,
    7834,
    571
  ],
  "5": [
    7311,
    5921,
    8064,
    430,
    5921,
    3605,
    776,
    3519
  ],
  "6": [
    4616,
    2502,
    3039,
    3467,
    3225,
    6030
  ],
  "7": [
    430,
    1696,
    6944,
    5937,
    2505,
    7927,
    6010,
    5523,
    4058
  ],
  "8": [
    9001,
    1568,
    9001,
    4519,
    669,
    4581,
    7218,
    3063,
    2710
  ],
  "9": [
    4124,
    5518,
    7366,
    5921,
    123,
    7993,
    5275,
    5921,
    6429,
    7321
  ],
  "10": [
    4310,
    2986,
    5892,
    4013,
    4310,
    5148,
    5704,
    123
  ],
  "11": [
    3808,
    430,
    2186,
    3808,
    3318,
    430,
    6635
  ],
  "12": [
    3051,
    9001,
    5833,
    6862,
    7723,
    8668,
    120
  ],
  "13": [
    430,
    6213,
    2428,
    1931,
    947,
    6862
  ]
}