{
  "1": [
    3034,
    3068,
    3588,
    2896,
    3588,
    5769,
    2617
  ],
  "2": [
    3034,
    430,
    430,
    3588,
    5769,
    2617
  ],
  "3": [
    3034,
    113,
    113,
    3588,
    5769,
    2617
  ],
  "4": [
    6213,
    6381,
    1419,
    905,
    3588,
    5769,
    2617
  ],
  "5": [
    6213,
    8064,
    8394,
    3588,
    5769,
    2617
  ],
  "6": [
    7554,
    776,
    5921,
    4325,
    3588,
    5769,
    2617
  ],
  "7": [
    6213,
    216,
    1419,
    3588,
    5769,
    2617
  ],
  "8": [
    853,
    8121,
    4475,
    3117,
    3588,
    5769,
    2617
  ],
  "9": [
    853,
    3394,
    3556,
    4475,
    3915,
    3588,
    5769,
    2617
  ],
  "10": [
    5221,
    4714,
    1060,
    3588,
    5769,
    2617
  ],
  "11": [
    3318,
    3478,
    8432,
    3588,
    5769,
    2617
  ],
  "12": [
    3027,
    2389,
    2220,
    5186,
    3588,
    5769,
    2617
  ],
  "13": [
    1504,
    3220,
    5488,
    1506,
    3588,
    5769,
    2617
  ],
  "14": [
    5674,
    3478,
    8432,
    3588,
    5769,
    2617
  ],
  "15": [
    5287,
    6547,
    2428,
    3220,
    5488,
    3588,
    5769,
    2617
  ],
  "16": [
    1980,
    5971,
    4057,
    3588,
    5769,
    2617
  ],
  "17": [
    5221,
    4428,
    1419,
    3588,
    5769,
    2617
  ],
  "18": [
    2026,
    4428,
    117,
    3588,
    5769,
    2617
  ],
  "19": [
    5511,
    4428,
    567,
    3588,
    5769,
    2617
  ],
  "20": [
    5747,
    4428,
    1316,
    3588,
    5769,
    2617
  ],
  "21": [
    5414,
    776,
    5159,
    3588,
    5769,
    2617
  ],
  "22": [
    5159,
    3478,
    5650,
    3588,
    5769,
    2617
  ],
  "23": [
    8216,
    2142,
    9001,
    3588,
    5769,
    2617
  ],
  "24": [
    6561,
    6862,
    3588,
    5769,
    2617
  ],
  "25": [
    5414,
    3899,
    3605,
    1320,
    3588,
    5769,
    2617
  ],
  "26": [
    3034,
    410,
    8064,
    3588,
    5769,
    2617
  ]
}