{
  "1": [
    7892,
    4609,
    5375,
    5869,
    413,
    2022,
    370,
    935,
    5828
  ],
  "2": [
    5828,
    5973,
    3068,
    6213,
    8064,
    776
  ],
  "3": [
    408,
    5414,
    4132,
    7272,
    408,
    5123,
    8104
  ],
  "4": [
    2009,
    3808,
    5123,
    3808,
    3462,
    8104,
    3478
  ],
  "5": [
    3068,
    8104,
    3068,
    6738,
    5921,
    3027,
    3225
  ],
  "6": [
    3119,
    8121,
    3808,
    5221,
    3394,
    3915
  ],
  "7": [
    3068,
    8104,
    3605,
    7451,
    8104,
    853,
    5315
  ],
  "8": [
    3068,
    8104,
    3318,
    935,
    6258,
    5704,
    5769
  ]
}