{
  "1": [
    1984,
    3050,
    3034,
    3068,
    3605,
    3824,
    5475,
    3477,
    5712
  ],
  "2": [
    1419,
    4639,
    3068,
    1875,
    3605,
    2655
  ],
  "3": [
    1935,
    1926,
    6467,
    6666,
    5975,
    5703
  ],
  "4": [
    2143,
    6213,
    6381,
    2587,
    7349,
    3068
  ],
  "5": [
    2964,
    5414,
    3373,
    2142,
    5769,
    1285
  ],
  "6": [
    3581,
    4639,
    5046,
    5971,
    5414,
    9001,
    5159,
    1471
  ],
  "7": [
    4639,
    3027,
    571,
    4941,
    539,
    3605,
    6490
  ],
  "8": [
    5564,
    5703,
    5769,
    6213,
    571,
    3477
  ],
  "9": [
    6304,
    7971,
    5971,
    6680,
    5769,
    1285,
    6918,
    3372,
    8034
  ],
  "10": [
    7225,
    2451,
    3374,
    3068,
    7922,
    2896,
    3605,
    6213,
    8416,
    5975,
    5703
  ]
}