{
  "1": [
    7892,
    4609,
    835,
    3605,
    3373,
    3068,
    1980,
    1870
  ],
  "2": [
    3018,
    3709,
    3588,
    398,
    835,
    2896,
    9001
  ],
  "3": [
    802,
    1612,
    6509,
    3411,
    1004,
    1121,
    8363,
    2132,
    5439,
    7979
  ],
  "4": [
    2009,
    3588,
    3651,
    1288,
    1397,
    3373,
    3068
  ],
  "5": [
    1288,
    3068,
    6726,
    7200,
    2898,
    3389,
    3605,
    3117,
    2416
  ],
  "6": [
    7200,
    1121,
    1121,
    7965,
    5921,
    3478
  ]
}