{
  "1": [
    5329,
    5921,
    8067,
    4210,
    1732,
    3467,
    3068,
    3588,
    1584,
    2623,
    3588,
    6461,
    539,
    1121,
    120
  ],
  "2": [
    7723,
    1696,
    376,
    854,
    7453,
    8193,
    2513,
    3820,
    3820,
    1696
  ],
  "3": [
    3772,
    3068,
    3605,
    8193,
    2513,
    3956,
    1696,
    1419
  ],
  "4": [
    834,
    559,
    3956,
    1396,
    8193,
    854,
    4310,
    113,
    9001
  ],
  "5": [
    7701,
    6041,
    603,
    34,
    6258,
    6965,
    559,
    3068,
    7896,
    3468,
    6315,
    9001
  ],
  "6": [
    565,
    3068,
    565,
    2889,
    3701,
    6884,
    5948,
    776,
    2212,
    7659
  ],
  "7": [
    859,
    3068,
    8104,
    5341,
    4480,
    1755,
    2098,
    5769
  ],
  "8": [
    5439,
    7563,
    1980,
    7311,
    2149,
    1121,
    120
  ]
}