{
  "1": [
    1984,
    3050,
    1984,
    5315,
    853,
    3068
  ],
  "2": [
    1984,
    3068,
    2416,
    2167,
    430,
    5750
  ],
  "3": [
    408,
    982,
    5081,
    1121,
    120,
    369,
    9001,
    8668
  ],
  "4": [
    3318,
    7307,
    7725,
    127,
    3117,
    1931,
    6,
    6250
  ],
  "5": [
    835,
    410,
    3290,
    5828,
    7664,
    5921,
    3068,
    430
  ],
  "6": [
    6213,
    8064,
    776,
    853,
    3220,
    853,
    3605,
    834,
    9002,
    8104,
    571,
    5769
  ],
  "7": [
    6213,
    4941,
    6231,
    5414,
    3899,
    7457,
    3068,
    5425,
    631
  ],
  "8": [
    3068,
    6491,
    5787,
    3068,
    2210,
    3721,
    3068,
    157,
    6662
  ],
  "9": [
    3068,
    8104,
    853,
    1616,
    3490,
    490,
    5749,
    1870,
    7563,
    5791
  ],
  "10": [
    4427,
    3068,
    5769,
    430,
    6726,
    1755,
    1755,
    1984,
    3050
  ]
}