{
  "1": [
    157,
    3588,
    8085,
    3068,
    853,
    6963,
    8469
  ],
  "2": [
    3588,
    5186,
    241,
    9001,
    3117,
    7121
  ],
  "3": [
    661,
    2256,
    4194,
    4712,
    7585,
    4672,
    6869,
    3015,
    4672
  ],
  "4": [
    8034,
    3068,
    7121,
    577,
    3068,
    4422,
    5315
  ],
  "5": [
    2587,
    3068,
    6662,
    430,
    7355
  ],
  "6": [
    8104,
    6612,
    3068,
    1809,
    9001,
    3467
  ],
  "7": [
    7725,
    5315,
    4494,
    3588,
    3068,
    1580,
    5921
  ],
  "8": [
    3588,
    2502,
    5315,
    4194,
    853,
    5869,
    4480,
    1832,
    853,
    7272,
    1762
  ],
  "9": [
    1980,
    3942,
    3068,
    776,
    2416
  ],
  "10": [
    539,
    3588,
    1696,
    589,
    6031,
    3966
  ],
  "11": [
    589,
    559,
    2648,
    3605,
    120,
    3576
  ],
  "12": [
    4100,
    7725,
    3068,
    3605,
    8408,
    5921
  ],
  "13": [
    3563,
    3444,
    5375,
    8034,
    3068,
    7121
  ],
  "14": [
    5088,
    3068,
    7999,
    5048,
    4994,
    3605,
    5971
  ],
  "15": [
    3368,
    5869,
    3068,
    4194,
    2623
  ],
  "16": [
    577,
    3068,
    3588,
    589,
    5650,
    589,
    5650,
    1121,
    519,
    6605,
    4147
  ],
  "17": [
    9001,
    2076,
    2077,
    8426,
    8034,
    3068,
    7121
  ],
  "18": [
    5088,
    3068,
    7999,
    5048,
    4994,
    3605,
    5971
  ],
  "19": [
    2691,
    1004,
    3068,
    8432,
    3389,
    1984,
    3050
  ]
}