{
  "1": [
    1732,
    8199,
    3068,
    3588,
    589,
    8537,
    1980,
    3068,
    982,
    3808,
    4571
  ],
  "2": [
    974,
    3068,
    5254,
    6884,
    3629,
    3820
  ],
  "3": [
    3588,
    2617,
    5048,
    5869,
    1980,
    571
  ],
  "4": [
    3808,
    3427,
    5973,
    4962,
    7723,
    5973,
    5956,
    3808,
    935
  ],
  "5": [
    8130,
    6951,
    7489,
    5973,
    7563,
    3808,
    3427
  ],
  "6": [
    7364,
    5356,
    3709,
    5437,
    853,
    4196,
    3068
  ],
  "7": [
    8085,
    6963,
    8426,
    5608,
    3605,
    6381
  ],
  "8": [
    3068,
    157,
    4583,
    1004,
    4725,
    4908,
    3519
  ],
  "9": [
    408,
    622,
    5973,
    2400,
    5315,
    5973,
    376,
    1818,
    2416
  ],
  "10": [
    834,
    3027,
    2154,
    3225,
    4390,
    7810
  ],
  "11": [
    589,
    8537,
    1980,
    6299,
    2603
  ],
  "12": [
    7272,
    5975,
    4334,
    4721,
    1288,
    3068
  ]
}