{
  "1": [
    5329,
    5650,
    3068,
    1732,
    5002,
    6588,
    7563,
    7130,
    3820,
    369,
    6343,
    430,
    5048,
    5869
  ],
  "2": [
    3588,
    2505,
    413,
    5869,
    4672,
    5771,
    8130
  ],
  "3": [
    1697,
    6310,
    205,
    4820,
    2308,
    7919,
    3190
  ],
  "4": [
    205,
    2803,
    5921,
    4904,
    3320,
    5921,
    1870,
    3808,
    2896,
    7451,
    3808,
    3988
  ],
  "5": [
    3068,
    8064,
    2617,
    530,
    5704,
    7834
  ],
  "6": [
    6666,
    2042,
    410,
    4941,
    8415,
    7227,
    120,
    929,
    3467,
    3068
  ],
  "7": [
    4100,
    3368,
    2617,
    430,
    1121,
    120,
    6738,
    3671,
    2620
  ],
  "8": [
    7301,
    1880,
    1004,
    5158,
    5730,
    8248
  ],
  "9": [
    3588,
    5973,
    4726,
    2416,
    216,
    7200,
    216
  ],
  "10": [
    4900,
    2617,
    3045,
    6666,
    3477,
    3820
  ],
  "11": [
    408,
    935,
    7272,
    1346,
    3027,
    7563,
    408,
    5110
  ],
  "12": [
    8033,
    5307,
    6466,
    205,
    1760,
    3808,
    3201,
    6965
  ]
}