{
  "1": [
    1732,
    8138,
    853,
    2940,
    3942,
    40,
    1644,
    1980,
    1288,
    853,
    3068,
    3605,
    6256,
    8548,
    8416,
    6310
  ],
  "2": [
    3068,
    1984,
    5315,
    8085,
    6035,
    8055
  ],
  "3": [
    1431,
    3068,
    854,
    7311,
    8034,
    3162
  ],
  "4": [
    1875,
    853,
    3068,
    6030,
    3605,
    4034,
    5337
  ],
  "5": [
    5027,
    413,
    5102,
    6440,
    408,
    2659
  ],
  "6": [
    2088,
    6041,
    7121,
    3068,
    8085,
    3605,
    6869,
    3467
  ],
  "7": [
    2583,
    4397,
    3068,
    5439,
    3373,
    2502
  ],
  "8": [
    2938,
    7200,
    3588,
    2896,
    3068,
    835,
    1397,
    2620,
    9002
  ],
  "9": [
    3372,
    853,
    3068,
    6918,
    3588,
    369,
    4270,
    3373
  ],
  "10": [
    3715,
    7326,
    7456,
    1875,
    3068,
    3808,
    2637,
    3605,
    2896
  ],
  "11": [
    1980,
    1121,
    8085,
    9001,
    3374,
    3068,
    3925
  ],
  "12": [
    4310,
    376,
    2655,
    2416,
    157,
    3117,
    7200,
    2896
  ],
  "13": [
    5341,
    3956,
    7451,
    8193,
    1696,
    4820
  ],
  "14": [
    5493,
    7451,
    6213,
    2896,
    1245,
    7965,
    7291
  ],
  "15": [
    5869,
    3068,
    413,
    6662,
    241,
    413,
    7775
  ],
  "16": [
    6440,
    3068,
    6213,
    7451,
    3772,
    776,
    2143
  ],
  "17": [
    6817,
    3068,
    8085,
    3605,
    6869,
    5337
  ],
  "18": [
    7138,
    3068,
    7665,
    3820,
    853,
    1793,
    7307,
    3467
  ],
  "19": [
    7227,
    7451,
    6662,
    3605,
    5337,
    3068
  ],
  "20": [
    8104,
    3605,
    6106,
    259,
    2007,
    3808,
    7665
  ],
  "21": [
    4191,
    7563,
    7451,
    8130,
    6662,
    816
  ],
  "22": [
    6299,
    3068,
    5315,
    5650,
    3808,
    816,
    3605,
    2620,
    9002
  ]
}