{
  "1": [
    4210,
    623,
    410,
    430,
    3068,
    1696,
    7121,
    776,
    4217,
    8121,
    5704,
    3996
  ],
  "2": [
    6726,
    4359,
    3308,
    430,
    3313
  ],
  "3": [
    935,
    430,
    408,
    2790,
    784,
    3942,
    398,
    5439,
    8175,
    3966
  ],
  "4": [
    7121,
    413,
    8064,
    5920,
    413,
    776,
    1777,
    5971
  ],
  "5": [
    622,
    9001,
    2623,
    3772,
    1285,
    5921,
    2077
  ],
  "6": [
    5046,
    8064,
    6664,
    3588,
    430,
    8199,
    1931,
    5542
  ],
  "7": [
    8085,
    5971,
    1696,
    3478,
    5749,
    9002,
    430,
    430,
    595
  ],
  "8": [
    3808,
    5921,
    2077,
    3198,
    5930,
    5048,
    8548
  ],
  "9": [
    3808,
    3947,
    1004,
    6499,
    4356,
    6260
  ],
  "10": [
    3588,
    9001,
    3605,
    2416,
    3293,
    929,
    2042,
    505
  ],
  "11": [
    3045,
    3605,
    5775,
    2022,
    2123,
    7704,
    5978
  ],
  "12": [
    518,
    7456,
    3808,
    559,
    9001,
    3588,
    9001,
    8398,
    4393
  ],
  "13": [
    398,
    1320,
    47,
    1818,
    6260,
    8354
  ],
  "14": [
    2076,
    430,
    8426,
    7999,
    5945,
    5088
  ],
  "15": [
    7121,
    3117,
    6869,
    2502,
    3513
  ],
  "16": [
    7563,
    559,
    430,
    4100,
    9001,
    5608,
    2706,
    5375,
    1285,
    5921,
    6310
  ],
  "17": [
    859,
    8130,
    4148,
    7993,
    1697,
    310
  ],
  "18": [
    518,
    7200,
    1590,
    7521,
    5973,
    5973,
    5003,
    2506
  ],
  "19": [
    6310,
    7971,
    7451,
    3956,
    6775,
    4820
  ],
  "20": [
    3427,
    251,
    1696,
    1121,
    517,
    5414,
    1848
  ],
  "21": [
    428,
    6213,
    2790,
    1819,
    1961,
    1961,
    3644,
    3198,
    6186,
    5869
  ],
  "22": [
    995,
    4994,
    2063,
    7911,
    433,
    6435,
    2963,
    369,
    5337
  ],
  "23": [
    2076,
    8426,
    3513,
    7760,
    1870,
    7200,
    3468,
    430
  ]
}