{
  "1": [
    5329,
    1121,
    7141,
    4210,
    3605,
    5971,
    8628,
    3709,
    7321,
    430,
    6963,
    7440
  ],
  "2": [
    3588,
    3068,
    5945,
    3372,
    4428,
    1419,
    5921,
    3605,
    776
  ],
  "3": [
    1696,
    5971,
    8478,
    3816,
    8478,
    7272
  ],
  "4": [
    977,
    9001,
    853,
    5159,
    853,
    1347,
    3290,
    834,
    157,
    5542
  ],
  "5": [
    5927,
    430,
    8643,
    3068,
    6963,
    7782
  ],
  "6": [
    2167,
    430,
    2167,
    2167,
    4428,
    2167
  ],
  "7": [
    3588,
    4428,
    3605,
    776,
    430,
    2167,
    4905
  ],
  "8": [
    4427,
    430,
    5921,
    1471,
    430,
    3427,
    5921,
    3678,
    6944
  ],
  "9": [
    5081,
    5971,
    622,
    5971,
    430,
    85,
    3588,
    430,
    4043,
    776,
    3966,
    5927
  ]
}