{
  "1": [
    5329,
    4210,
    1732,
    835,
    7919,
    413,
    1800,
    3117,
    7451,
    4422,
    3068
  ],
  "2": [
    3068,
    8104,
    2421,
    833,
    776,
    408,
    5414,
    5315,
    341
  ],
  "3": [
    3068,
    5582,
    5921,
    6210,
    1741,
    3605,
    4904,
    2015,
    2483
  ],
  "4": [
    589,
    559,
    3068,
    2603,
    7495,
    5315,
    3588,
    2398,
    9001
  ],
  "5": [
    341,
    559,
    7451,
    9001,
    4970,
    4191,
    6,
    8034
  ],
  "6": [
    518,
    935,
    7200,
    7723,
    1696,
    3820,
    6908,
    205,
    9001,
    3318,
    2351,
    1696
  ],
  "7": [
    3162,
    5921,
    3907,
    3605,
    8130,
    5921,
    2803,
    7451,
    9001
  ],
  "8": [
    1697,
    1100,
    3332,
    9002,
    834,
    7901,
    3808,
    3254,
    6965
  ],
  "9": [
    1571,
    376,
    7965,
    834,
    982,
    9002,
    398,
    3899,
    1431,
    5921,
    6119
  ],
  "10": [
    859,
    3068,
    2603,
    6965,
    7999,
    9001
  ],
  "11": [
    2063,
    3045,
    3588,
    2654,
    9002,
    3588,
    3808,
    7321,
    341,
    5921
  ],
  "12": [
    589,
    8537,
    8551,
    9002,
    5324,
    3942,
    5769
  ],
  "13": [
    1288,
    3068,
    430,
    3478,
    5769,
    5704,
    5769,
    543,
    543
  ]
}