{
  "1": [
    5329,
    1121,
    7141,
    4210,
    8085,
    2063,
    3605,
    5971,
    238,
    3605,
    3427,
    2465
  ],
  "2": [
    1571,
    1121,
    120,
    1571,
    1121,
    376,
    3162,
    6223,
    34
  ],
  "3": [
    6310,
    1696,
    2454,
    1900,
    3820,
    8394
  ],
  "4": [
    5186,
    4912,
    241,
    6605,
    3658,
    2420
  ],
  "5": [
    4100,
    3372,
    3117,
    7451,
    5771,
    6120,
    5437
  ],
  "6": [
    982,
    5921,
    2428,
    7230,
    6239,
    1984
  ],
  "7": [
    253,
    3808,
    6299,
    6299,
    376,
    3808,
    5414,
    430,
    3724
  ],
  "8": [
    3365,
    6306,
    5315,
    2308,
    5769
  ],
  "9": [
    2421,
    5750,
    5331,
    3808,
    7200,
    7845
  ],
  "10": [
    3588,
    7200,
    2450,
    4191,
    3162,
    3684,
    1198,
    6,
    5800,
    312,
    2428
  ],
  "11": [
    7130,
    1004,
    5769,
    4908,
    1755,
    1755,
    7121,
    8034,
    5921,
    127
  ],
  "12": [
    120,
    3366,
    1077,
    3885,
    4911,
    929,
    1820
  ],
  "13": [
    2088,
    1870,
    3689,
    9001,
    310,
    6310,
    7521,
    5542
  ],
  "14": [
    6629,
    7585,
    8371,
    4194,
    7462,
    7287,
    9002,
    3477,
    1242,
    6697,
    1086,
    7585,
    2073,
    9001
  ],
  "15": [
    389,
    430,
    6299,
    5315,
    3027,
    7585,
    3588,
    3947,
    5542
  ],
  "16": [
    408,
    3372,
    3588,
    6238,
    376,
    3588,
    7235,
    3519,
    1004
  ],
  "17": [
    3588,
    3808,
    4194,
    3947,
    3605,
    3808,
    3381,
    310,
    3519
  ],
  "18": [
    3588,
    5315,
    2416,
    1288,
    3034,
    3588,
    3190,
    9001
  ],
  "19": [
    935,
    5704,
    1755,
    1,
    5704,
    5331,
    3808,
    7200,
    216
  ],
  "20": [
    120,
    3366,
    3808,
    995,
    4911,
    929,
    1820
  ]
}