{
  "1": [
    8199,
    430,
    7378,
    7379,
    1471,
    3808,
    2623,
    376,
    4820,
    5766,
    6403
  ],
  "2": [
    3588,
    859,
    430,
    4581,
    4100,
    2186,
    4100,
    6937,
    1980,
    3906,
    341
  ],
  "3": [
    7971,
    216,
    571,
    1992,
    5148,
    935,
    413,
    2022,
    6944,
    413,
    4908
  ],
  "4": [
    935,
    413,
    4196,
    430,
    413,
    410,
    8057,
    1524,
    3034,
    3658,
    430,
    430
  ],
  "5": [
    4100,
    7817,
    5315,
    4100,
    1993,
    5921,
    3176,
    430,
    3588,
    5750,
    3034,
    3444,
    6440,
    430
  ]
}