{
  "1": [
    5329,
    5058,
    5921,
    8067,
    4210,
    1732,
    3068,
    408,
    639,
    3198,
    408,
    2534,
    3256
  ],
  "2": [
    2603,
    3068,
    3588,
    536,
    589,
    7495,
    3068,
    3588,
    926,
    6106
  ],
  "3": [
    5315,
    926,
    3966,
    859,
    3068,
    5704,
    4970
  ],
  "4": [
    7725,
    3068,
    2502,
    5315,
    3467,
    4616,
    2617
  ],
  "5": [
    3588,
    369,
    4194,
    2143,
    7585,
    4310,
    3034,
    9001
  ],
  "6": [
    3021,
    585,
    7811,
    3605,
    3915,
    4296,
    1832,
    6210,
    4529
  ],
  "7": [
    6244,
    3708,
    5869,
    6275,
    3605,
    6887
  ],
  "8": [
    5493,
    4480,
    3605,
    6466,
    205,
    3588,
    8085,
    3068,
    6963,
    1065
  ],
  "9": [
    8085,
    3068,
    8467,
    3068,
    8605,
    3947
  ],
  "10": [
    954,
    926,
    3966,
    3605,
    341,
    7725,
    954,
    7281
  ]
}