{
  "1": [
    5329,
    516,
    516,
    1732,
    4387,
    552,
    482,
    6664,
    1696,
    4339,
    8199,
    1121,
    120
  ],
  "2": [
    637,
    3820,
    5766,
    6466,
    776,
    2555,
    3027,
    6424
  ],
  "3": [
    2114,
    7563,
    7358,
    8582,
    990,
    1696,
    3577
  ],
  "4": [
    2534,
    9001,
    1823,
    2534,
    5175,
    3644,
    6620,
    2795,
    331,
    241
  ],
  "5": [
    834,
    3808,
    8085,
    6963,
    3907,
    2266,
    2267,
    2449
  ],
  "6": [
    430,
    2040,
    8127,
    6310,
    4459,
    3715,
    5422,
    3068
  ],
  "7": [
    3988,
    3644,
    4325,
    1980,
    9001,
    1869,
    2671,
    3644,
    4135
  ],
  "8": [
    3644,
    7642,
    8557,
    1980,
    5309,
    802,
    1077,
    2372,
    8121
  ],
  "9": [
    2962,
    995,
    5518,
    329,
    3644,
    2416,
    3644,
    2740,
    8175
  ],
  "10": [
    8055,
    6662,
    3588,
    2372,
    5359,
    6471,
    7364,
    1818,
    7563
  ],
  "11": [
    559,
    120,
    389,
    6529,
    6662,
    389,
    3426,
    430,
    8199,
    776
  ]
}