{
  "1": [
    5329,
    5921,
    3128,
    3128,
    3128,
    1732,
    4387,
    270,
    853,
    6430,
    1661,
    2603,
    430,
    3588,
    7602,
    582,
    3605,
    3117,
    3898,
    3905
  ],
  "2": [
    7602,
    8324,
    3605,
    3117,
    3588,
    7227,
    3898,
    9001,
    4791
  ],
  "3": [
    3117,
    3372,
    589,
    413,
    982
  ],
  "4": [
    430,
    1984,
    1697,
    430,
    982,
    3808,
    3372,
    4100,
    6213,
    1320,
    9001
  ],
  "5": [
    3605,
    3117,
    1697,
    6087,
    5921,
    3605,
    4284,
    7451
  ],
  "6": [
    1481,
    6845,
    1992,
    6119,
    8104,
    834,
    6960,
    5315
  ],
  "7": [
    5921,
    205,
    6403,
    9001,
    639,
    5971,
    3381,
    430
  ],
  "8": [
    5112,
    5608,
    859,
    7760,
    1832,
    4997,
    3808,
    5612
  ],
  "9": [
    227,
    7725,
    341,
    268,
    3117,
    7121,
    2088,
    3045,
    3588,
    430,
    9001
  ],
  "10": [
    430,
    1984,
    1697,
    3068,
    1984,
    1697
  ],
  "11": [
    430,
    982,
    3808,
    3372,
    4100,
    6213,
    120,
    9001
  ],
  "12": [
    5921,
    430,
    5088,
    7999,
    8426,
    9001
  ],
  "13": [
    3588,
    5337,
    5315,
    4194,
    3808,
    7272,
    1762,
    1980,
    3942,
    430,
    216,
    2416
  ]
}