{
  "1": [
    5329,
    5058,
    4905,
    1732,
    935,
    2130,
    559,
    7586,
    3808,
    1732,
    5641,
    5973,
    430,
    8034,
    3467,
    1369,
    1777
  ],
  "2": [
    430,
    8085,
    8605,
    238,
    561,
    6310
  ],
  "3": [
    3588,
    2114,
    6965,
    5921,
    6184,
    1245,
    5315,
    3808,
    7760,
    430,
    5048,
    5542
  ],
  "4": [
    2009,
    430,
    5826,
    9001,
    136,
    5564,
    5315
  ],
  "5": [
    7725,
    7451,
    8324,
    571,
    6789
  ],
  "6": [
    5071,
    2076,
    9001,
    3034,
    8034,
    3068,
    3588,
    2896
  ],
  "7": [
    3588,
    3605,
    6869,
    5337,
    341,
    7200,
    5869
  ]
}