{
  "1": [
    5329,
    1732,
    2142,
    430,
    5337,
    3068,
    5833,
    2363
  ],
  "2": [
    954,
    2659,
    1245,
    5315,
    5472,
    268,
    3637,
    2655,
    7451
  ],
  "3": [
    7725,
    5921,
    6118,
    1322,
    559,
    1889,
    1889
  ],
  "4": [
    7797,
    8055,
    9002,
    3605,
    1245,
    559,
    8548,
    1431,
    430,
    157,
    3444
  ],
  "5": [
    589,
    6041,
    34,
    430,
    2363,
    9001,
    5828,
    6403,
    859,
    3068,
    408,
    309
  ]
}