{
  "1": [
    5329,
    4210,
    1732,
    8085,
    430,
    6963,
    7879,
    6343,
    341,
    5341,
    2416
  ],
  "2": [
    5641,
    5475,
    7489,
    7285,
    6466,
    205
  ],
  "3": [
    834,
    8150,
    2719,
    3956,
    1869,
    2671,
    1697,
    4751
  ],
  "4": [
    3384,
    4565,
    8535,
    6597,
    3384,
    3808,
    3372
  ],
  "5": [
    2388,
    9001,
    1697,
    7451,
    5608,
    2934,
    4170,
    559,
    4310,
    7200,
    9001
  ],
  "6": [
    2664,
    5766,
    8552,
    2665,
    2664,
    7130,
    376,
    3820,
    6013
  ],
  "7": [
    3384,
    430,
    2671,
    6597,
    1961,
    4347
  ],
  "8": [
    3782,
    5921,
    3956,
    5074,
    3605,
    7200,
    9002
  ],
  "9": [
    3372,
    3605,
    120,
    5046,
    6467,
    430,
    4639,
    7919
  ],
  "10": [
    8055,
    6662,
    3068,
    2620,
    9002,
    1984,
    3605,
    3477,
    3820
  ]
}