{
  "1": [
    5329,
    5058,
    4210,
    7892,
    430,
    2603,
    1288,
    215,
    6440,
    854,
    5542
  ],
  "2": [
    3045,
    776,
    1870,
    3605,
    1471,
    3444
  ],
  "3": [
    3034,
    5971,
    430,
    3034,
    5971,
    3605
  ],
  "4": [
    8055,
    7442,
    3816,
    3588,
    8199,
    5971,
    4334,
    3816,
    776,
    5148,
    5542
  ],
  "5": [
    3034,
    5971,
    430,
    3034,
    5971,
    3605
  ],
  "6": [
    776,
    5414,
    2981,
    1288,
    430,
    430
  ],
  "7": [
    1288,
    430,
    3372,
    853,
    3605,
    657,
    776
  ]
}