{
  "1": [
    4905,
    623,
    4100,
    430,
    2186,
    5331,
    6225,
    639,
    6629,
    4830
  ],
  "2": [
    2142,
    5712,
    7069,
    6924,
    1350,
    7626,
    5159,
    2022,
    6726,
    2088,
    7931,
    9002
  ],
  "3": [
    7311,
    6471,
    4876,
    5331,
    3605,
    7489,
    341,
    6944
  ],
  "4": [
    7580,
    6887,
    7130,
    4150,
    7760,
    226,
    226
  ],
  "5": [
    3045,
    935,
    4605,
    5442,
    6086,
    7134
  ],
  "6": [
    6258,
    6603,
    3162,
    3781,
    3597,
    1986
  ],
  "7": [
    7971,
    784,
    4720,
    776,
    2490,
    4908,
    8034
  ],
  "8": [
    559,
    3820,
    3238,
    3162,
    8313,
    3605,
    4150,
    410,
    776
  ],
  "9": [
    226,
    3808,
    7200,
    369,
    5750,
    5030,
    3808,
    854,
    3045,
    5704,
    4100
  ],
  "10": [
    5704,
    4970,
    430,
    2778,
    6862,
    5006,
    341,
    8034,
    5331
  ],
  "11": [
    4100,
    7725,
    3027,
    3225,
    7130,
    2436,
    3615
  ],
  "12": [
    430,
    4428,
    6924,
    6466,
    3444,
    7130,
    776
  ],
  "13": [
    859,
    6565,
    5797,
    3220,
    7665,
    7218,
    8577,
    5921,
    4325
  ],
  "14": [
    859,
    7533,
    7218,
    3882,
    5414,
    3978,
    5971,
    6728
  ],
  "15": [
    859,
    1234,
    4599,
    5158,
    859,
    3001,
    5104,
    386
  ],
  "16": [
    9001,
    3117,
    637,
    9001,
    3915,
    859,
    3559,
    3974,
    8121
  ],
  "17": [
    859,
    5324,
    3605,
    1367,
    776,
    7019,
    2779,
    859,
    3335
  ],
  "18": [
    2142,
    2063,
    341,
    2778,
    3068,
    5971,
    5036,
    5006,
    8034
  ],
  "19": [
    408,
    5414,
    2416,
    5315,
    8449,
    2416,
    6041,
    408,
    7911,
    5331
  ],
  "20": [
    5027,
    1285,
    3588,
    4390,
    4285,
    776,
    4999,
    2555
  ],
  "21": [
    408,
    7725,
    1790,
    3637,
    6041,
    34,
    1984,
    8034
  ],
  "22": [
    6965,
    430,
    7378,
    7379,
    2142,
    2781,
    4480,
    5036,
    3605,
    3117
  ],
  "23": [
    408,
    7911,
    6963,
    6887,
    7588,
    6965,
    5927,
    8548
  ]
}