{
  "1": [
    8010,
    430,
    4941,
    4428,
    5414,
    6666,
    1121,
    4428
  ],
  "2": [
    1777,
    5971,
    6664,
    6041,
    4941
  ],
  "3": [
    5375,
    2022,
    7965,
    5971,
    1389,
    6666
  ],
  "4": [
    8199,
    6041,
    5971,
    3467,
    1121,
    34,
    1792,
    6231
  ],
  "5": [
    3372,
    5973,
    8121,
    3942,
    3394,
    1755,
    1755
  ],
  "6": [
    3381,
    4306,
    5921,
    1488,
    7241,
    2222,
    776
  ],
  "7": [
    6524,
    3117,
    6662,
    7230,
    7965,
    5704,
    1097,
    3394
  ],
  "8": [
    7287,
    3220,
    5704,
    3220,
    5104,
    5704,
    657,
    776
  ],
  "9": [
    3942,
    3766,
    6728,
    341,
    6083,
    3897
  ],
  "10": [
    4428,
    8659,
    339,
    4503,
    7725,
    4428,
    7614,
    5434,
    814,
    7126
  ],
  "11": [
    9013,
    9001,
    3605,
    4428,
    3605,
    1471,
    5647
  ],
  "12": [
    3588,
    5337,
    34,
    7768,
    6041,
    369,
    5826,
    9001
  ],
  "13": [
    2347,
    5921,
    1800,
    34,
    5315,
    34,
    3467
  ],
  "14": [
    8496,
    2555,
    1350,
    5315,
    3365,
    1818,
    5869
  ],
  "15": [
    2421,
    5414,
    9001,
    2091,
    7614,
    6419,
    1157,
    8548,
    3605,
    3117,
    1288
  ],
  "16": [
    1961,
    6451,
    1250,
    776,
    7218,
    2022,
    7493,
    3844,
    6529,
    6692,
    5892,
    6212,
    776
  ],
  "17": [
    1961,
    8034,
    5769,
    3942,
    8121,
    5125,
    8034,
    1288,
    9002,
    3605,
    1471,
    833
  ],
  "18": [
    1288,
    3068,
    430,
    430,
    3478,
    6213,
    6381,
    905
  ],
  "19": [
    1288,
    8034,
    3519,
    5769,
    4390,
    3519,
    853,
    3605,
    776,
    543,
    543
  ],
  "20": [
    3615,
    8605,
    1732,
    1121,
    3448
  ]
}