{
  "1": [
    5329,
    516,
    516,
    4210,
    623,
    7892,
    3034,
    9001,
    430,
    3034,
    7138,
    8034,
    5608,
    6381
  ],
  "2": [
    3588,
    3947,
    4150,
    589,
    4339,
    8199
  ],
  "3": [
    4127,
    776,
    3605,
    3427,
    595,
    8505,
    5982,
    5542
  ],
  "4": [
    559,
    1984,
    408,
    1984,
    7563,
    408,
    7311,
    7161
  ],
  "5": [
    408,
    7311,
    4791,
    7161,
    1696,
    6677,
    6277
  ],
  "6": [
    3588,
    3808,
    4161,
    4628,
    3808,
    4057,
    7311
  ],
  "7": [
    3588,
    430,
    8199,
    2088,
    8213,
    2088,
    7311
  ],
  "8": [
    3588,
    3563,
    3027,
    3068,
    3196,
    2560,
    4392,
    4538,
    5064,
    2088,
    389,
    8105,
    4680,
    8354,
    3605,
    7563,
    776
  ],
  "9": [
    589,
    5046,
    5769,
    2167,
    430,
    3290
  ],
  "10": [
    3605,
    7161,
    7563,
    1438,
    7311,
    7161,
    6662
  ]
}