{
  "1": [
    9002,
    3068,
    2620,
    408,
    954,
    5769
  ],
  "2": [
    6666,
    5337,
    6403,
    5186,
    413,
    241,
    3467
  ],
  "3": [
    1961,
    9001,
    6697,
    4583,
    935,
    8548,
    6680,
    3467,
    3588,
    5553,
    4686,
    859
  ],
  "4": [
    430,
    6403,
    3027,
    7563,
    3709,
    5765,
    2556
  ],
  "5": [
    3588,
    859,
    8615,
    136,
    3069,
    4009,
    5271
  ],
  "6": [
    5921,
    5564,
    990,
    4578,
    517,
    859,
    1491,
    9002,
    8416,
    8548
  ],
  "7": [
    4159,
    1961,
    7227,
    859,
    4268,
    5797
  ],
  "8": [
    4390,
    6310,
    8416,
    3605,
    3117,
    8597
  ],
  "9": [
    408,
    7993,
    6256,
    2209,
    3615,
    3581,
    408,
    5800
  ],
  "10": [
    3588,
    559,
    341,
    9001,
    8104,
    5315,
    3289,
    3162
  ],
  "11": [
    559,
    430,
    5800,
    7291,
    8610,
    3588,
    369,
    5337
  ],
  "12": [
    430,
    408,
    7368,
    4480,
    430,
    5833,
    2363
  ],
  "13": [
    954,
    3615,
    7853,
    5315,
    5844,
    2781,
    3639,
    1245,
    7451
  ],
  "14": [
    589,
    8548,
    3176,
    3254,
    5921,
    3605,
    8416
  ],
  "15": [
    6310,
    5608,
    6666,
    3605,
    3117,
    8668,
    3588,
    3808,
    3045,
    5615
  ],
  "16": [
    935,
    1369,
    136,
    3069,
    2142,
    6666,
    905
  ],
  "17": [
    430,
    3925,
    5271,
    5704,
    2008,
    5046,
    6381
  ],
  "18": [
    1571,
    5704,
    2209,
    7872,
    430,
    408,
    5800,
    5704,
    5046,
    2220,
    1755,
    3605,
    935,
    1369
  ],
  "19": [
    6666,
    430,
    5704,
    4791,
    834,
    6213,
    1419,
    430,
    4310,
    3644
  ],
  "20": [
    834,
    7200,
    6869,
    7227,
    7451,
    7725,
    2421,
    8415,
    776,
    7725,
    5927
  ],
  "21": [
    7235,
    1420,
    5437,
    5162
  ],
  "22": [
    1571,
    589,
    3034,
    3627,
    5035,
    571,
    430,
    2167,
    9001,
    3658,
    6918,
    3478
  ],
  "23": [
    7442,
    8193,
    3588,
    2167,
    9001,
    5315,
    834,
    6299
  ],
  "24": [
    1571,
    3956,
    3605,
    3117,
    1897,
    6666,
    3588,
    954,
    3588,
    2659,
    1245,
    7451
  ]
}