{
  "1": [
    5329,
    5921,
    3038,
    623,
    4210,
    6963,
    413,
    430,
    6817,
    6963,
    413,
    430,
    238,
    413
  ],
  "2": [
    3117,
    6869,
    136,
    1875,
    3027,
    3915,
    5064,
    3808,
    6313,
    3985,
    5162,
    5315
  ],
  "3": [
    2142,
    430,
    1993,
    7878,
    5848,
    7307,
    5542
  ],
  "4": [
    270,
    8109,
    5869,
    6470,
    3808,
    1696
  ],
  "5": [
    2803,
    3117,
    6924,
    8141,
    5769
  ],
  "6": [
    2142,
    5058,
    3915,
    5973,
    3824,
    7878,
    2664,
    7307
  ],
  "7": [
    5769,
    2186,
    136,
    3808,
    3254,
    7521,
    5750
  ],
  "8": [
    656,
    5331,
    2617,
    1584,
    562,
    1755,
    1755
  ],
  "9": [
    7911,
    2603,
    410,
    518,
    7092,
    639,
    7356,
    5542
  ],
  "10": [
    559,
    2470,
    1931,
    8138,
    3225,
    5945
  ],
  "11": [
    2142,
    4611,
    3050,
    3588,
    2142,
    6924,
    6382
  ],
  "12": [
    1897,
    3605,
    6467,
    5949,
    7878
  ],
  "13": [
    430,
    6944,
    1870,
    4310,
    410,
    1419,
    430
  ],
  "14": [
    859,
    410,
    6213,
    6382,
    3045,
    5971,
    5797
  ],
  "15": [
    1350,
    2220,
    5971,
    1121,
    3290,
    3130,
    5542
  ],
  "16": [
    7200,
    4325,
    430,
    7200,
    4325,
    2342,
    637,
    7264,
    8415
  ],
  "17": [
    2229,
    4325,
    5645,
    6963,
    5414,
    7834,
    637,
    2687,
    1980
  ],
  "18": [
    6963,
    7482,
    1534,
    215,
    1300,
    8398,
    7264,
    7493,
    776
  ],
  "19": [
    3220,
    1870,
    7635,
    4325,
    7227,
    6119,
    3808,
    3045
  ],
  "20": [
    5148,
    6629,
    5971,
    3027,
    4872,
    175
  ]
}