{
  "1": [
    4905,
    623,
    238,
    5971,
    8451,
    5186,
    241,
    561,
    6310
  ],
  "2": [
    6605,
    4912,
    6310,
    5042,
    2420,
    4480,
    6924
  ],
  "3": [
    834,
    8085,
    3045,
    1,
    5608,
    9001
  ],
  "4": [
    3808,
    3582,
    1121,
    1755,
    314,
    5608,
    8416,
    3068,
    5807,
    6381,
    834,
    6213
  ],
  "5": [
    6965,
    5715,
    3290,
    8451,
    7760,
    3478,
    834,
    6680,
    853,
    1,
    3045,
    1121
  ],
  "6": [
    4616,
    3045,
    1755,
    314,
    1121,
    3205,
    6965,
    5608,
    1121
  ],
  "7": [
    7760,
    430,
    3689,
    3808,
    7911,
    4611,
    410,
    4687,
    5341
  ],
  "8": [
    3808,
    1961,
    1,
    1755,
    5637,
    4784,
    1755,
    3808,
    3559,
    3820,
    3808,
    539,
    853,
    410,
    7307
  ],
  "9": [
    1121,
    669,
    5401,
    7411,
    7198,
    2015,
    3117,
    7128
  ],
  "10": [
    3808,
    8104,
    1285,
    430,
    8451,
    3985,
    1980
  ],
  "11": [
    7911,
    5949,
    6381,
    834,
    7200
  ],
  "12": [
    5048,
    1,
    6213,
    6382,
    776,
    4714,
    7704,
    6814
  ],
  "13": [
    1234,
    3220,
    5674,
    5324,
    4325,
    3644,
    5067
  ],
  "14": [
    5148,
    6051,
    3119,
    3605,
    3915,
    216,
    784
  ],
  "15": [
    1234,
    6697,
    4057,
    8248,
    8415,
    7227
  ],
  "16": [
    3318,
    5140,
    5553,
    3381,
    5104,
    4325
  ],
  "17": [
    3254,
    5750,
    2398,
    9001,
    4784,
    5945,
    6723
  ],
  "18": [
    5254,
    410,
    3824,
    7592,
    400,
    5315
  ],
  "19": [
    1696,
    430,
    559,
    3201,
    410,
    6186,
    7979,
    4057
  ],
  "20": [
    2005,
    5221,
    6697,
    2100,
    4325,
    5158,
    7857,
    1571,
    3899,
    3201,
    5414,
    518,
    3559,
    7607,
    5971
  ],
  "21": [
    3651,
    8085,
    3068,
    5674,
    784,
    5400,
    3290,
    1571,
    639,
    5927,
    3478
  ],
  "22": [
    3588,
    3808,
    539,
    430,
    3808,
    982,
    3444
  ],
  "23": [
    6680,
    7834,
    4605,
    1817,
    8064,
    6605
  ],
  "24": [
    4305,
    5921,
    4478,
    398,
    1715,
    8064,
    5414,
    9001
  ],
  "25": [
    3899,
    47,
    398,
    376,
    6720,
    7971,
    9001,
    7648
  ],
  "26": [
    5265,
    6921,
    8064,
    5090,
    5797,
    8486
  ],
  "27": [
    4305,
    5921,
    6083,
    7607,
    2344,
    3220,
    5775,
    3671
  ],
  "28": [
    5307,
    7130,
    4264,
    5439,
    4908
  ],
  "29": [
    398,
    7646,
    3966,
    8378,
    935,
    9001
  ],
  "30": [
    3808,
    2114,
    8378,
    5750,
    400,
    6310
  ],
  "31": [
    639,
    430,
    5927,
    9002,
    2026,
    4924,
    970,
    3478,
    3766
  ],
  "32": [
    3605,
    2063,
    2398,
    5750,
    3808,
    539,
    6381
  ],
  "33": [
    3615,
    1892,
    3117,
    8141,
    928
  ],
  "34": [
    518,
    2026,
    1875,
    7725,
    7836,
    410
  ],
  "35": [
    2142,
    3588,
    430,
    6697,
    410,
    5945,
    1350
  ],
  "36": [
    6601,
    6310,
    3956,
    3576,
    9001
  ],
  "37": [
    3820,
    3808,
    3559,
    5973,
    3808,
    539,
    1285
  ],
  "38": [
    1931,
    7349,
    3722,
    5771,
    3808,
    7843,
    7235,
    7725,
    639,
    3808,
    5782,
    3605,
    2534
  ],
  "39": [
    2142,
    3588,
    1320,
    1992,
    7307,
    1980,
    3808,
    7725
  ],
  "40": [
    4100,
    4784,
    4057,
    6087,
    3452
  ],
  "41": [
    7725,
    5254,
    410,
    6918,
    3478,
    8428
  ],
  "42": [
    3808,
    2142,
    853,
    3027,
    3117,
    834,
    6299,
    4480,
    6862
  ],
  "43": [
    834,
    7760,
    4714,
    226,
    4159,
    7704,
    6814
  ],
  "44": [
    2015,
    1818,
    2975,
    5140,
    1077,
    8354
  ],
  "45": [
    7971,
    9002,
    6157,
    398,
    6854,
    7843
  ],
  "46": [
    5414,
    2625,
    2981,
    3018,
    697
  ],
  "47": [
    2026,
    1259,
    1612,
    8256,
    2602
  ],
  "48": [
    5462,
    1259,
    1165,
    4735,
    7565
  ],
  "49": [
    7971,
    9002,
    2740,
    639,
    5678,
    2195,
    6869,
    4917,
    4397,
    7451
  ],
  "50": [
    6424,
    5410,
    639,
    3808,
    2820,
    4194,
    5315,
    2416,
    1698,
    5462
  ],
  "51": [
    5221,
    3605,
    1060,
    4714,
    7225,
    202,
    168,
    2526
  ],
  "52": [
    5265,
    6629,
    5971,
    5090,
    5739,
    4057
  ],
  "53": [
    5148,
    983,
    3808,
    6342,
    853,
    341,
    3680,
    3220
  ],
  "54": [
    935,
    413,
    1366,
    6944,
    2022,
    2088,
    7069,
    3225
  ],
  "55": [
    1644,
    6440,
    1471,
    5307,
    2256,
    5159,
    7931,
    168,
    7626,
    3478
  ],
  "56": [
    5254,
    4784,
    853,
    430,
    5945,
    5713,
    3808,
    8104
  ],
  "57": [
    5472,
    898,
    1,
    2015,
    7198,
    7423
  ],
  "58": [
    3707,
    1116,
    6456,
    7065
  ],
  "59": [
    8085,
    430,
    5674,
    3988,
    3966,
    3478
  ],
  "60": [
    5203,
    4908,
    7887,
    168,
    7931,
    120
  ],
  "61": [
    5414,
    7628,
    5797,
    8597,
    3027,
    6862
  ],
  "62": [
    5462,
    2719,
    5971,
    5159,
    5674
  ],
  "63": [
    970,
    398,
    784,
    1330,
    3808,
    1984
  ],
  "64": [
    3548,
    2719,
    5307,
    490,
    3808,
    1058
  ],
  "65": [
    3364,
    3463,
    136,
    1368,
    7442,
    3196
  ],
  "66": [
    5221,
    6862,
    268,
    2781,
    5769,
    5414,
    9001
  ],
  "67": [
    3988,
    168,
    3130,
    7626,
    669,
    3808,
    977
  ],
  "68": [
    977,
    853,
    7626,
    3063,
    853,
    2022,
    6726,
    834,
    157
  ],
  "69": [
    1129,
    3644,
    7311,
    4720,
    776,
    3245,
    5769
  ],
  "70": [
    977,
    1732,
    5650,
    3947,
    4356,
    6629
  ],
  "71": [
    310,
    5763,
    935,
    7462,
    3290,
    5971,
    3478,
    5159
  ],
  "72": [
    7462,
    8537,
    3824,
    8394,
    3709,
    5148
  ]
}