{
  "1": [
    5329,
    1121,
    7141,
    4210,
    7521,
    3068,
    776,
    7725,
    7622,
    3290
  ],
  "2": [
    5375,
    5771,
    5971,
    3680,
    3605,
    2403,
    5542
  ],
  "3": [
    622,
    3605,
    5678,
    7725,
    2740,
    639
  ],
  "4": [
    7725,
    430,
    3468,
    6565,
    3708,
    5973
  ],
  "5": [
    5769,
    599,
    9002,
    4900,
    639,
    1755,
    1755
  ],
  "6": [
    3808,
    859,
    7725,
    2421,
    5971,
    8055,
    9002
  ],
  "7": [
    7200,
    3068,
    2617,
    3468,
    5414,
    9001
  ],
  "8": [
    8085,
    4100,
    1696,
    410,
    3068,
    3588,
    1696,
    7965,
    413,
    5971,
    413,
    2623,
    408,
    7725,
    3690
  ],
  "9": [
    389,
    7138,
    3373,
    3468,
    7931,
    3519,
    776
  ],
  "10": [
    2617,
    571,
    6298,
    6664,
    7965,
    5401
  ],
  "11": [
    571,
    776,
    6779,
    6664,
    8064,
    8259
  ],
  "12": [
    1571,
    3068,
    5414,
    2896,
    776,
    5414,
    2981
  ],
  "13": [
    6664,
    3942,
    1980,
    7760,
    1870,
    6471
  ]
}