{
  "1": [
    4905,
    387,
    250,
    2617,
    3068,
    5769,
    7891,
    1755,
    1755,
    3045,
    530,
    6310
  ],
  "2": [
    3588,
    559,
    5769,
    2617,
    1129,
    8064,
    3559,
    530,
    9002
  ],
  "3": [
    3772,
    1285,
    972,
    7650,
    1732,
    5650
  ],
  "4": [
    5704,
    5769,
    3559,
    2233,
    1129,
    1755,
    1755,
    3678,
    5542
  ],
  "5": [
    3034,
    8064,
    6382,
    3068,
    637,
    530,
    6951,
    6918
  ],
  "6": [
    3588,
    4310,
    7834,
    6186,
    3068,
    1819,
    3068,
    1121,
    410
  ],
  "7": [
    410,
    6206,
    5475,
    6918,
    7227,
    3372,
    5921,
    3605,
    5439
  ],
  "8": [
    3068,
    430,
    6635,
    4310,
    3644,
    2626,
    3050,
    530,
    5439
  ],
  "9": [
    859,
    4910,
    1348,
    3220,
    7721,
    1530,
    859,
    7623
  ],
  "10": [
    859,
    1792,
    2491,
    7294,
    2220,
    5797,
    6340,
    341
  ],
  "11": [
    9001,
    8064,
    637,
    9001,
    776,
    8398,
    4393,
    859,
    3245
  ],
  "12": [
    6828,
    3225,
    859,
    1254,
    8396,
    2768,
    8034,
    7442
  ],
  "13": [
    9001,
    2220,
    5973,
    1369,
    5810,
    3027,
    7311,
    3225
  ],
  "14": [
    6664,
    4941,
    4349,
    3678,
    2617,
    571,
    6923,
    6440
  ],
  "15": [
    835,
    5971,
    3045,
    8643,
    3068,
    216,
    6440,
    1980
  ],
  "16": [
    8034,
    1523,
    3605,
    3117,
    6666,
    7311
  ],
  "17": [
    3588,
    8597,
    5797,
    859,
    7522,
    7311,
    7161
  ],
  "18": [
    3588,
    3068,
    4043,
    6918,
    3478,
    4428
  ],
  "19": [
    227,
    1696,
    2377,
    2623,
    559,
    7737,
    5828,
    5921,
    1368,
    7311,
    977,
    5971
  ],
  "20": [
    4672,
    1732,
    5650,
    8081,
    6944,
    4886
  ],
  "21": [
    834,
    3027,
    3559,
    5973,
    637,
    2220,
    553
  ],
  "22": [
    3808,
    5378,
    341,
    9002,
    1121,
    5766,
    3808,
    6031
  ],
  "23": [
    3807,
    6440,
    6862,
    8130,
    5062
  ],
  "24": [
    530,
    2617,
    5973,
    8034,
    7311,
    7161
  ],
  "25": [
    7760,
    3220,
    3027,
    5104,
    3225
  ],
  "26": [
    1931,
    7121,
    1,
    859,
    410,
    6697,
    3444
  ],
  "27": [
    637,
    589,
    1060,
    5414,
    5945,
    4428,
    776
  ],
  "28": [
    5769,
    8104,
    9001,
    2617,
    1285,
    539,
    9001
  ],
  "29": [
    7760,
    5703,
    2233,
    3678,
    3117,
    8064
  ],
  "30": [
    518,
    5800,
    1121,
    8451,
    4941,
    3808,
    1980
  ],
  "31": [
    518,
    2708,
    2490,
    4687,
    3808,
    8104
  ],
  "32": [
    6485,
    7626,
    6588,
    5061,
    5771
  ],
  "33": [
    2617,
    3808,
    6331,
    5973,
    3808,
    8266,
    530
  ],
  "34": [
    3808,
    2490,
    1285,
    4161,
    8193,
    3808,
    8138
  ],
  "35": [
    259,
    7650,
    6944,
    518,
    1732,
    3576
  ],
  "36": [
    2233,
    5769,
    1961,
    3678,
    8121,
    5048
  ],
  "37": [
    3394,
    3559,
    5769,
    5707,
    7834,
    539,
    5542
  ],
  "38": [
    859,
    2186,
    3988,
    5674,
    5973,
    4899
  ],
  "39": [
    5010,
    1285,
    5650,
    2490,
    776,
    5145
  ],
  "40": [
    6555,
    3605,
    1448,
    7760,
    4013,
    4288
  ],
  "41": [
    8155,
    3605,
    5674,
    1870,
    1961,
    2781,
    7934
  ],
  "42": [
    7311,
    3225,
    6862,
    8055,
    3605,
    341
  ],
  "43": [
    637,
    7725,
    6697,
    2719,
    3808,
    6965,
    4421
  ],
  "44": [
    7673,
    2892,
    3678,
    776,
    4048
  ],
  "45": [
    7114,
    3117,
    5934,
    5844,
    5921,
    955,
    5542
  ],
  "46": [
    5704,
    4100,
    3068,
    5641,
    5331,
    1197,
    3644,
    784,
    2534
  ],
  "47": [
    2142,
    589,
    4100,
    2465,
    5921,
    4100,
    7723,
    1254,
    3605,
    1121,
    120
  ],
  "48": [
    4310,
    1397,
    2421,
    3808,
    7200,
    4194,
    4422,
    5315,
    3027,
    7585,
    5542
  ],
  "49": [
    346,
    2617,
    7223,
    136,
    7650,
    1732,
    530
  ],
  "50": [
    2142,
    136,
    2781,
    5650,
    5375,
    2436,
    3605,
    7227,
    5971
  ],
  "51": [
    834,
    2778,
    341,
    3068,
    834,
    2778,
    6119,
    4899
  ],
  "52": [
    1288,
    3068,
    5769,
    543,
    543
  ]
}