{
  "1": [
    1121,
    7141,
    4210,
    7892,
    3248,
    2042,
    6944
  ],
  "2": [
    157,
    3068,
    8179,
    6726,
    3605,
    4908,
    3290
  ],
  "3": [
    3513,
    1696,
    9002,
    5892,
    430,
    5542
  ],
  "4": [
    2142,
    7294,
    894,
    3045,
    2009,
    6429,
    6865,
    5973,
    3568,
    2088,
    3205,
    8033
  ],
  "5": [
    6726,
    559,
    376,
    376,
    3205,
    9002,
    1931,
    3559,
    5945
  ],
  "6": [
    3068,
    5608,
    3789,
    5971,
    2088,
    3205,
    8033,
    5542
  ],
  "7": [
    7891,
    2342,
    3605,
    4599,
    9002
  ]
}