{
  "1": [
    7892,
    4210,
    623,
    430,
    408,
    1824,
    9001,
    408,
    2790,
    408,
    8252,
    410
  ],
  "2": [
    3588,
    2009,
    341,
    1993,
    8130,
    5375,
    7218
  ],
  "3": [
    5921,
    5971,
    6191,
    5475,
    3289,
    5921,
    6845
  ],
  "4": [
    559,
    1980,
    3582,
    1471,
    3808,
    2142,
    8034,
    3478,
    5750
  ],
  "5": [
    3588,
    3289,
    3820,
    3162,
    5921,
    1285,
    3772
  ],
  "6": [
    168,
    123,
    3459,
    4124,
    1905
  ],
  "7": [
    1381,
    5983,
    6002,
    6429,
    5973,
    3427,
    6865
  ],
  "8": [
    1571,
    804,
    3867,
    5973,
    1961,
    2220,
    1121,
    3876,
    5542
  ],
  "9": [
    6213,
    9001,
    4080,
    5516,
    2985,
    5158,
    7028
  ],
  "10": [
    8045,
    5874,
    5874,
    1961,
    1828,
    127
  ],
  "11": [
    7896,
    5081,
    6159,
    2062,
    2078,
    6759,
    3605,
    5257
  ],
  "12": [
    834,
    559,
    3423,
    9001,
    853,
    4999,
    430
  ],
  "13": [
    430,
    7896,
    1534,
    7179,
    3942,
    7307
  ],
  "14": [
    784,
    1197,
    3293,
    3852,
    3857,
    2022
  ],
  "15": [
    3651,
    7291,
    5591,
    5492,
    926
  ],
  "16": [
    4390,
    6440,
    7036,
    1245,
    8034,
    3068
  ],
  "17": [
    954,
    926,
    5703,
    5704,
    2659,
    6
  ],
  "18": [
    3045,
    3588,
    859,
    8034,
    3068,
    905,
    5945,
    5921,
    3605,
    776
  ]
}