{
  "1": [
    410,
    5360,
    3068,
    410,
    5360,
    3313
  ],
  "2": [
    5375,
    8199,
    776,
    7725,
    1576,
    5921,
    1343
  ],
  "3": [
    5704,
    4970,
    7563,
    3068,
    5704,
    4970,
    7563,
    5937
  ],
  "4": [
    5042,
    1696,
    6277,
    559,
    3605,
    6466,
    205
  ],
  "5": [
    5971,
    3068,
    1792,
    5159,
    6031
  ],
  "6": [
    490,
    1616,
    2026,
    3490,
    7523
  ],
  "7": [
    559,
    3808,
    7200,
    3050,
    3808,
    995,
    430,
    3290
  ],
  "8": [
    995,
    1197,
    5971,
    3684,
    4970,
    7919
  ],
  "9": [
    5193,
    241,
    3808,
    8085,
    518,
    3335,
    5869,
    3808,
    5027
  ],
  "10": [
    3256,
    1471,
    3808,
    3198,
    3925,
    120,
    1847
  ],
  "11": [
    3068,
    3045,
    4284,
    120,
    3588,
    1992,
    1892
  ],
  "12": [
    835,
    1397,
    834,
    3256,
    3050,
    8451,
    3925
  ],
  "13": [
    8252,
    9001,
    3117,
    7451,
    5704,
    3738,
    7563,
    7845
  ],
  "14": [
    3588,
    3808,
    5203,
    3068,
    5971,
    5159,
    3808,
    5800
  ],
  "15": [
    3588,
    5704,
    6664,
    7725,
    4941,
    310,
    3605,
    3477,
    3820
  ],
  "16": [
    4310,
    6965,
    9001,
    5973,
    7489,
    4310,
    3320,
    9001,
    5973,
    6466,
    205
  ],
  "17": [
    3884,
    3068,
    5833,
    9001,
    4592,
    7931,
    1745,
    5315
  ],
  "18": [
    518,
    559,
    4131,
    7272,
    2617,
    3068,
    5582
  ],
  "19": [
    7230,
    8312,
    7130,
    8575,
    8173,
    5315
  ],
  "20": [
    2266,
    3678,
    1942,
    3335,
    5999,
    5921,
    2706
  ],
  "21": [
    1413,
    5921,
    5315,
    6662,
    1818,
    5355,
    7561
  ],
  "22": [
    1961,
    3068,
    9001,
    4869,
    430,
    6697,
    4268
  ],
  "23": [
    7725,
    5921,
    853,
    205,
    7451,
    6789,
    6789,
    3068,
    430
  ]
}