{
  "1": [
    4912,
    8010,
    1121,
    1732,
    4428,
    3478
  ],
  "2": [
    3045,
    2451,
    4148,
    995,
    561,
    998
  ],
  "3": [
    3947,
    4148,
    7919,
    6664,
    4941,
    4339
  ],
  "4": [
    5414,
    6612,
    6195,
    5288,
    1847,
    4209
  ],
  "5": [
    8085,
    2450,
    3254,
    3948,
    995,
    8458,
    7069
  ],
  "6": [
    995,
    4912,
    4426,
    1697,
    2450,
    2420
  ],
  "7": [
    3374,
    3068,
    7225,
    1847,
    2451,
    4148,
    191,
    936
  ],
  "8": [
    8085,
    1121,
    4148,
    1,
    408,
    5203,
    8451,
    517
  ],
  "9": [
    3588,
    3880,
    2580,
    1992,
    7218,
    6060,
    1621
  ],
  "10": [
    1121,
    518,
    6601,
    2400,
    408,
    14
  ],
  "11": [
    518,
    559,
    1980,
    854,
    693,
    1818,
    6845,
    5355,
    2600
  ],
  "12": [
    1104,
    7585,
    2416,
    8549,
    3381,
    953
  ],
  "13": [
    3605,
    1952,
    3368,
    4672,
    4390,
    1004,
    7998
  ],
  "14": [
    1486,
    5307,
    8432,
    3599,
    259,
    1961,
    3605
  ],
  "15": [
    1121,
    408,
    1980,
    1870,
    854,
    4513,
    7272,
    5410
  ],
  "16": [
    3588,
    7272,
    7451,
    7323,
    4116,
    8210,
    1818
  ],
  "17": [
    3588,
    2600,
    2219,
    7568,
    5869,
    3605,
    1167,
    3671
  ],
  "18": [
    1992,
    1818,
    693,
    6845,
    5315
  ],
  "19": [
    3651,
    734,
    3605,
    1214,
    1215,
    853,
    5315,
    1167,
    3947,
    9015
  ],
  "20": [
    2454,
    2351,
    7442,
    7339,
    5414,
    6963
  ],
  "21": [
    7218,
    1993,
    7121,
    6607,
    8179,
    5892,
    561,
    559
  ],
  "22": [
    5704,
    4970,
    6612,
    157,
    6612,
    3887,
    3944,
    2530,
    9001,
    3684,
    8130,
    1847
  ],
  "23": [
    7725,
    8433,
    2009,
    5042,
    9001,
    7307,
    3045,
    1697,
    853
  ],
  "24": [
    3282,
    7121,
    3985,
    5186,
    3027,
    369,
    7181
  ],
  "25": [
    6544,
    3605,
    6098,
    8433,
    3808,
    14
  ],
  "26": [
    1571,
    589,
    343,
    7832,
    3932,
    935,
    6343
  ],
  "27": [
    935,
    7722,
    6343,
    343,
    5492,
    857,
    935,
    5921,
    6869,
    6695
  ],
  "28": [
    227,
    7121,
    3808,
    6030,
    7836,
    3808,
    4672
  ],
  "29": [
    8478,
    3588,
    8130,
    1847,
    3374,
    3068,
    3808,
    977
  ],
  "30": [
    3808,
    14,
    6098,
    5006,
    3605,
    8433
  ],
  "31": [
    398,
    6529,
    1870,
    4156,
    7646
  ],
  "32": [
    3588,
    4878,
    6612,
    2026,
    7962,
    3684,
    6
  ],
  "33": [
    8085,
    9001,
    7931,
    983,
    7599,
    6343,
    7451,
    9015
  ]
}