{
  "1": [
    2896,
    7326,
    1980,
    8537,
    6141,
    8193,
    1931,
    3684
  ],
  "2": [
    1571,
    3808,
    1847,
    5315,
    3808,
    2896,
    213,
    7272,
    2398
  ],
  "3": [
    200,
    120,
    5557,
    1870,
    5921,
    3068,
    2196,
    3820
  ],
  "4": [
    1952,
    3254,
    7453,
    7227,
    1800,
    7453,
    6504
  ],
  "5": [
    5707,
    8267,
    3808,
    5352,
    6315,
    3577,
    3808,
    4422
  ],
  "6": [
    7227,
    2470,
    6440,
    5081,
    3605,
    7453,
    376,
    4976
  ],
  "7": [
    3605,
    251,
    7326,
    8130,
    637,
    3588,
    4828,
    7368,
    4480,
    7291,
    561,
    3808,
    1992
  ],
  "8": [
    7069,
    3820,
    157,
    5315,
    8104,
    8394,
    4672,
    2896
  ],
  "9": [
    5707,
    8267,
    3808,
    5352,
    6315,
    3577,
    6,
    9015
  ],
  "10": [
    3808,
    5000,
    3684,
    8588,
    637,
    3588,
    5650,
    4910,
    8269
  ],
  "11": [
    7922,
    120,
    748,
    639,
    8597,
    5674,
    5921,
    6588
  ],
  "12": [
    5099,
    3715,
    2197,
    4428,
    2919,
    5921,
    6212,
    7522
  ],
  "13": [
    1942,
    1,
    1121,
    3684,
    1812,
    2956,
    4079,
    802
  ],
  "14": [
    1004,
    1952,
    5159,
    1,
    3068,
    802,
    7919
  ],
  "15": [
    6103,
    5307,
    8639,
    5315,
    7423,
    7456
  ],
  "16": [
    8104,
    4687,
    8104,
    5315,
    959,
    1870,
    4191
  ],
  "17": [
    3867,
    3068,
    2603,
    1800,
    1576,
    7999,
    9001
  ],
  "18": [
    3256,
    1121,
    3588,
    3426,
    8615,
    413,
    4191,
    408,
    5375,
    5315
  ],
  "19": [
    1419,
    2534,
    5375,
    6066,
    3588,
    518,
    5337,
    5750,
    3254
  ],
  "20": [
    8085,
    6098,
    6901,
    4148,
    4616,
    2449,
    319
  ],
  "21": [
    7227,
    4284,
    3820,
    376,
    6098,
    3068,
    1931,
    6965
  ],
  "22": [
    8378,
    120,
    2617,
    2896,
    7326,
    376,
    3577
  ],
  "23": [
    3374,
    3068,
    2416,
    7649,
    3885,
    1077,
    6485,
    7451
  ],
  "24": [
    2934,
    6102,
    3027,
    6747,
    1571,
    413,
    6310,
    3808,
    7725
  ],
  "25": [
    3887,
    5221,
    6612,
    6191,
    3198,
    995,
    995,
    1847
  ],
  "26": [
    7703,
    1,
    1272,
    517,
    1121,
    954,
    2659
  ],
  "27": [
    2308,
    1121,
    8085,
    4148,
    7686,
    561,
    1847
  ],
  "28": [
    5707,
    1100,
    3887,
    4941,
    6310,
    7563,
    1104,
    205
  ],
  "29": [
    3559,
    3887,
    8201,
    4112,
    1460,
    3684
  ]
}