{
  "1": [
    157,
    4148,
    157,
    1847,
    8130,
    8433,
    1197
  ],
  "2": [
    2896,
    6329,
    7522,
    3068,
    376,
    4209,
    7561
  ],
  "3": [
    3808,
    3559,
    120,
    7562,
    8328,
    6662,
    1077,
    4131
  ],
  "4": [
    802,
    2428,
    5850,
    1167,
    7538,
    6106,
    954
  ],
  "5": [
    4284,
    6662,
    4941,
    8458,
    7563,
    4820
  ],
  "6": [
    1697,
    7563,
    693,
    1818,
    6310,
    3477,
    5337
  ],
  "7": [
    2015,
    7563,
    369,
    1004,
    6662,
    5975
  ],
  "8": [
    6310,
    7922,
    1984,
    376,
    5753,
    3820,
    1961,
    937
  ],
  "9": [
    2896,
    7034,
    5650,
    9001,
    3513,
    2638,
    3899
  ],
  "10": [
    3045,
    6662,
    5315,
    929,
    7356,
    7563,
    394
  ],
  "11": [
    5647,
    127,
    7646,
    3899,
    7291,
    7386,
    2638,
    3820
  ],
  "12": [
    2530,
    7563,
    4685,
    7451,
    8328,
    6662,
    5414
  ],
  "13": [
    6588,
    8193,
    4170,
    7451,
    3318,
    6869,
    6662
  ],
  "14": [
    6529,
    6310,
    376,
    7646,
    2896,
    1576,
    3027,
    120,
    7725,
    9001
  ],
  "15": [
    1870,
    191,
    3477,
    5869,
    8085,
    6098,
    2450
  ],
  "16": [
    191,
    3117,
    3045,
    3708,
    3680,
    7036,
    6175
  ],
  "17": [
    6315,
    530,
    5046,
    6664,
    5707,
    8267,
    4820
  ],
  "18": [
    3426,
    981,
    4094,
    2719,
    3956,
    2450,
    4832
  ],
  "19": [
    8193,
    571,
    3559,
    5703,
    5704,
    7280,
    3956,
    8267
  ],
  "20": [
    4820,
    3820,
    2790,
    7451,
    3289,
    7965,
    8057
  ],
  "21": [
    3808,
    579,
    6662,
    3605,
    205,
    7563,
    4390,
    7451
  ],
  "22": [
    8441,
    3068,
    8193,
    8267,
    6213,
    530,
    7522
  ],
  "23": [
    120,
    6175,
    3680,
    1847,
    3820,
    3684,
    7121,
    200
  ],
  "24": [
    3027,
    2742,
    4910,
    7423,
    1961,
    4522
  ],
  "25": [
    1674,
    3820,
    376,
    7812,
    1697,
    2896,
    8055
  ],
  "26": [
    8446,
    7453,
    6662,
    1870,
    7563,
    8582
  ],
  "27": [
    3808,
    2760,
    7423,
    6718,
    1952,
    120,
    3368,
    2742
  ],
  "28": [
    734,
    6666,
    2416,
    1870,
    5410,
    408,
    4194
  ]
}