{
  "1": [
    2896,
    6595,
    2720,
    7962,
    9002,
    1004,
    4392,
    2077,
    7379
  ],
  "2": [
    5650,
    7919,
    4910,
    1121,
    954,
    8432,
    251,
    2505,
    5159
  ],
  "3": [
    4715,
    3701,
    3564,
    2091,
    974,
    3826,
    3068
  ],
  "4": [
    7489,
    7181,
    5921,
    8193,
    205,
    8267,
    238,
    5921,
    3956,
    1942
  ],
  "5": [
    3932,
    7326,
    2778,
    6213,
    8056,
    343,
    3808,
    5352
  ],
  "6": [
    5850,
    2205,
    1121,
    1121,
    8597,
    1121,
    1
  ],
  "7": [
    3808,
    5000,
    5036,
    8193,
    3499,
    637,
    3588,
    5081,
    8193,
    8267
  ],
  "8": [
    68,
    2580,
    7810,
    5869,
    1167,
    413,
    3605,
    834,
    6437,
    7919
  ],
  "9": [
    3680,
    6588,
    1245,
    160,
    8138,
    1697,
    6504,
    441
  ],
  "10": [
    5181,
    1606,
    995,
    5221,
    3684,
    3967
  ],
  "11": [
    389,
    4805,
    1245,
    7451,
    4397,
    394,
    7971,
    9002
  ],
  "12": [
    6298,
    1677,
    7909,
    376,
    408,
    3684,
    200
  ],
  "13": [
    7725,
    7451,
    8478,
    2896,
    3808,
    4185,
    7451,
    1004
  ],
  "14": [
    6362,
    4325,
    7225,
    4066,
    3942,
    1566,
    7379,
    5203
  ],
  "15": [
    6663,
    7563,
    7561,
    6662,
    8441,
    3068,
    1571,
    8147
  ],
  "16": [
    4100,
    2088,
    4242,
    3027,
    3684,
    7069,
    2451,
    3820,
    369
  ],
  "17": [
    3605,
    6256,
    157,
    7453,
    251,
    6869,
    3205
  ],
  "18": [
    120,
    2638,
    3820,
    8628,
    3709,
    6148,
    6161,
    3942,
    7453
  ],
  "19": [
    157,
    6588,
    157,
    4683,
    1361,
    6607,
    1245,
    7667
  ],
  "20": [
    6141,
    3820,
    3808,
    4672,
    2896,
    2015,
    3956,
    5307,
    7451
  ],
  "21": [
    3205,
    3684,
    8424,
    9001,
    3808,
    8055,
    1,
    5036
  ],
  "22": [
    3820,
    8056,
    3190,
    1456,
    7307,
    5218,
    3001,
    1634
  ],
  "23": [
    7810,
    2436,
    7563,
    3947,
    5186,
    734,
    4941
  ],
  "24": [
    854,
    6440,
    995,
    2451,
    5869,
    3684,
    7097,
    776
  ],
  "25": [
    3708,
    1,
    1121,
    3684,
    4470,
    3205
  ],
  "26": [
    1571,
    6064,
    6662,
    3808,
    2896,
    5221,
    5081,
    5921,
    3476
  ],
  "27": [
    2820,
    561,
    3045,
    1847,
    7119,
    7307,
    376,
    8394
  ],
  "28": [
    1571,
    191,
    2790,
    2450,
    2803,
    331,
    8193,
    995
  ]
}