{
  "1": [
    4617,
    7390,
    7725,
    2534,
    1697,
    6089,
    5927,
    639
  ],
  "2": [
    3956,
    2450,
    3190,
    1847,
    6310,
    3684,
    5042,
    200
  ],
  "3": [
    3605,
    4725,
    5869,
    3068,
    6822,
    7451,
    2896
  ],
  "4": [
    4832,
    3956,
    6086,
    2416,
    5558,
    9002,
    7667,
    7307
  ],
  "5": [
    191,
    5006,
    4148,
    1,
    8104,
    8433,
    6191
  ],
  "6": [
    1004,
    6662,
    2633,
    7227,
    8393,
    7563,
    5916
  ],
  "7": [
    8193,
    2450,
    2219,
    1847,
    3820,
    3684,
    3808,
    3651
  ],
  "8": [
    2077,
    7563,
    8441,
    3068,
    8605,
    3477,
    7522
  ],
  "9": [
    8441,
    3068,
    1870,
    7563,
    7291,
    6666,
    157
  ],
  "10": [
    4148,
    7451,
    5800,
    734,
    8130,
    8433,
    4191
  ],
  "11": [
    7585,
    11,
    5048,
    3068,
    637,
    3588,
    3826,
    1121,
    120
  ],
  "12": [
    3808,
    157,
    3887,
    3198,
    9001,
    413,
    2450,
    3808,
    1980
  ],
  "13": [
    3820,
    8056,
    3190,
    6440,
    6094,
    3820,
    7307,
    5218
  ],
  "14": [
    3820,
    995,
    1245,
    1847,
    6310,
    3684,
    7462,
    200
  ],
  "15": [
    3605,
    3117,
    6041,
    7451,
    2896,
    3820,
    4960,
    8548
  ],
  "16": [
    2896,
    4592,
    3374,
    3068,
    214,
    7227,
    4103,
    9002
  ],
  "17": [
    2896,
    737,
    3419,
    160,
    8033,
    7794,
    75,
    8135,
    9002
  ],
  "18": [
    376,
    2534,
    1624,
    4066,
    750,
    639,
    8252,
    7379
  ],
  "19": [
    1870,
    6102,
    4881,
    2312,
    734,
    3477,
    5549
  ],
  "20": [
    1121,
    2450,
    8055,
    1,
    3684,
    120,
    959,
    517
  ],
  "21": [
    200,
    8057,
    2638,
    3820,
    376,
    8394,
    3474,
    1980
  ],
  "22": [
    6565,
    4284,
    369,
    5475,
    7230,
    3289,
    6965
  ],
  "23": [
    8057,
    376,
    4617,
    6310,
    1697,
    6256,
    4100,
    2896
  ],
  "24": [
    734,
    2416,
    4605,
    7919,
    4616,
    5493,
    7585,
    4295
  ],
  "25": [
    1004,
    1343,
    5255,
    3068,
    5324,
    1366,
    490
  ],
  "26": [
    8441,
    3068,
    4284,
    7451,
    2889,
    561,
    5278
  ],
  "27": [
    5916,
    1004,
    1214,
    1215,
    8130,
    4979,
    2421
  ],
  "28": [
    3820,
    6662,
    1897,
    6030,
    6310,
    7563,
    5042,
    7451
  ],
  "29": [
    7350,
    3068,
    7563,
    8605,
    6662,
    8085
  ],
  "30": [
    3974,
    5869,
    8055,
    3820,
    8052,
    2896,
    1878,
    6106
  ],
  "31": [
    241,
    8085,
    8433,
    2416,
    7130,
    2450,
    3885
  ],
  "32": [
    6544,
    4148,
    3988,
    5315,
    8085,
    8433,
    7069,
    3820
  ],
  "33": [
    3374,
    3068,
    4148,
    2451,
    3942,
    3519,
    6038
  ]
}