{
  "1": [
    1121,
    2450,
    4148,
    1,
    3887,
    3808,
    8085,
    1606
  ],
  "2": [
    6529,
    6310,
    376,
    398,
    2896,
    5315,
    898,
    2555
  ],
  "3": [
    5341,
    6310,
    8104,
    5315,
    6589,
    8193,
    4288,
    9001
  ],
  "4": [
    183,
    369,
    5315,
    6102,
    5315,
    2742,
    1878
  ],
  "5": [
    1697,
    8267,
    8130,
    6662,
    7563,
    887,
    2659
  ],
  "6": [
    6666,
    5341,
    8537,
    1870,
    7564,
    5557,
    2403
  ],
  "7": [
    3426,
    6238,
    369,
    3605,
    7326,
    1952,
    7227
  ],
  "8": [
    3724,
    5315,
    376,
    6239,
    7326,
    3808,
    8085,
    1606
  ],
  "9": [
    216,
    6662,
    8055,
    5216,
    7563,
    1846
  ],
  "10": [
    7535,
    2087,
    5414,
    4683,
    854,
    3289,
    2451
  ],
  "11": [
    1952,
    1892,
    4591,
    6908,
    5921,
    3027,
    7235
  ],
  "12": [
    8431,
    4900,
    2470,
    3820,
    6086,
    2416,
    8378,
    935
  ],
  "13": [
    936,
    1697,
    2254,
    9001,
    3373,
    4687,
    1931,
    7999
  ],
  "14": [
    8451,
    2450,
    4726,
    2416,
    5493,
    4170,
    4194
  ],
  "15": [
    7922,
    2896,
    5414,
    2580,
    1870,
    898,
    386
  ],
  "16": [
    3605,
    6175,
    6213,
    1847,
    3684,
    6566,
    200
  ],
  "17": [
    4397,
    7563,
    5307,
    7451,
    6735,
    529,
    4832
  ],
  "18": [
    7389,
    7036,
    6544,
    4148,
    8104,
    8433,
    3513
  ],
  "19": [
    8378,
    1961,
    6149,
    5315,
    8441,
    3684,
    5493,
    7451
  ],
  "20": [
    1980,
    854,
    2450,
    2449,
    7462,
    3684,
    7321
  ],
  "21": [
    2400,
    7291,
    7451,
    854,
    6662,
    7999,
    2896
  ],
  "22": [
    2896,
    5157,
    1121,
    1121,
    6845,
    6662,
    2428,
    2398
  ],
  "23": [
    7230,
    400,
    5215,
    7326,
    3426,
    5595,
    3808,
    4941
  ],
  "24": [
    2820,
    7626,
    8130,
    1121,
    157,
    7836,
    4148
  ],
  "25": [
    6662,
    398,
    7648,
    5315,
    990,
    7563,
    2637,
    9015
  ]
}