{
  "1": [
    8378,
    1245,
    6504,
    3605,
    8454,
    1566
  ],
  "2": [
    3808,
    2654,
    3684,
    8394,
    3588,
    518,
    1540,
    3820
  ],
  "3": [
    935,
    7563,
    935,
    1571,
    937,
    5973,
    7036,
    2781
  ],
  "4": [
    4325,
    6013,
    1697,
    6310,
    376,
    5158,
    5042,
    4726,
    2451
  ],
  "5": [
    5375,
    6440,
    7563,
    3808,
    2896,
    5186,
    6662,
    4941
  ],
  "6": [
    8193,
    3684,
    935,
    7379,
    6310,
    4112,
    7121
  ],
  "7": [
    6310,
    3684,
    4288,
    9001,
    8193,
    4170,
    5315
  ],
  "8": [
    1697,
    5372,
    3859,
    1992,
    3381,
    2315,
    990
  ],
  "9": [
    1571,
    7503,
    4399,
    251,
    1931,
    1167,
    7843
  ],
  "10": [
    4026,
    5797,
    8034,
    3068,
    9002,
    7323,
    6662,
    7682
  ],
  "11": [
    1952,
    6223,
    7151,
    5797,
    2346,
    7682,
    4906
  ],
  "12": [
    3942,
    7667,
    1361,
    3820,
    376,
    3942,
    3519,
    6038
  ],
  "13": [
    7725,
    1697,
    2962,
    8085,
    200,
    1931,
    9001,
    3639
  ],
  "14": [
    7307,
    376,
    3557,
    4245,
    7307,
    5218,
    4310,
    5375
  ],
  "15": [
    3820,
    995,
    7069,
    1847,
    241,
    2450,
    1245,
    1847
  ],
  "16": [
    4976,
    120,
    7337,
    9001,
    3942,
    1419,
    5148
  ],
  "17": [
    6662,
    7223,
    7379,
    935,
    7453,
    2713
  ],
  "18": [
    4079,
    7673,
    1486,
    996,
    6099,
    6504
  ],
  "19": [
    251,
    6586,
    7151,
    5797,
    4079,
    1280,
    759
  ],
  "20": [
    6529,
    6310,
    376,
    7646,
    990,
    8393,
    8193,
    7646
  ],
  "21": [
    4194,
    2416,
    3027,
    3956,
    157,
    398,
    6529
  ],
  "22": [
    4672,
    802,
    4672,
    2896,
    6329,
    7522,
    3068
  ],
  "23": [
    8469,
    1696,
    7326,
    6223,
    6030,
    5794
  ],
  "24": [
    376,
    7453,
    7489,
    3426,
    157,
    1695,
    251
  ]
}