{
  "1": [
    3887,
    3196,
    1993,
    7941,
    3605,
    7686,
    9002,
    3808,
    2449
  ],
  "2": [
    5099,
    3715,
    367,
    4428,
    5674,
    2398,
    5315
  ],
  "3": [
    3519,
    376,
    7674,
    7379,
    3605,
    191,
    1566
  ],
  "4": [
    2779,
    6102,
    3808,
    2790,
    7592,
    7105,
    369
  ],
  "5": [
    4325,
    6013,
    6098,
    3820,
    376,
    376,
    8394,
    1802
  ],
  "6": [
    7230,
    120,
    7121,
    376,
    2617,
    376,
    529,
    4310,
    4672
  ],
  "7": [
    1980,
    8537,
    6662,
    835,
    1121,
    310
  ],
  "8": [
    4428,
    3427,
    5921,
    3678,
    1779,
    2219,
    5869,
    3605,
    7451
  ],
  "9": [
    4310,
    559,
    2135,
    3820,
    2891,
    2403
  ],
  "10": [
    68,
    68,
    374,
    374,
    8441,
    3068,
    1571,
    8147
  ],
  "11": [
    1571,
    4611,
    5234,
    5288,
    518,
    2134,
    518,
    3477,
    6467
  ],
  "12": [
    241,
    8085,
    5869,
    7200,
    3068,
    6213,
    1571,
    8147
  ],
  "13": [
    408,
    157,
    8142,
    6435,
    3423,
    6491,
    5869,
    7646,
    3899
  ],
  "14": [
    7451,
    7451,
    559,
    7069,
    235,
    9001,
    227,
    1984
  ],
  "15": [
    3426,
    2091,
    7230,
    6443,
    3627,
    3366,
    8193,
    1847
  ],
  "16": [
    3947,
    899,
    3588,
    6148,
    2114,
    1157,
    5237,
    2254
  ],
  "17": [
    6156,
    376,
    3899,
    8267,
    310,
    4390,
    6310,
    2687
  ],
  "18": [
    4284,
    6098,
    3559,
    8458,
    6213,
    4421
  ],
  "19": [
    1540,
    5475,
    1980,
    7400,
    6601,
    8193,
    3808,
    6148
  ],
  "20": [
    7043,
    1,
    517,
    1846,
    5216,
    380,
    2822
  ],
  "21": [
    5159,
    926,
    7223,
    319,
    3808,
    1288
  ],
  "22": [
    408,
    559,
    7999,
    7451,
    6960,
    3068,
    3467,
    9001
  ],
  "23": [
    8441,
    3068,
    68,
    68,
    3976,
    4820,
    3808,
    2896
  ],
  "24": [
    3068,
    4703,
    1397,
    120,
    4100,
    995,
    1870
  ],
  "25": [
    4170,
    120,
    3216,
    6944,
    310,
    5088,
    1239
  ],
  "26": [
    2219,
    7563,
    4428,
    2450,
    7725,
    5921,
    212
  ],
  "27": [
    5216,
    3068,
    5397,
    120,
    2664,
    3605,
    2315,
    990
  ],
  "28": [
    2617,
    571,
    5341,
    4428,
    5582,
    2617,
    3678
  ],
  "29": [
    8597,
    970,
    3581,
    1926,
    2205,
    7872
  ],
  "30": [
    2250,
    6482,
    8562,
    7451,
    4347,
    2315,
    990
  ]
}