{
  "1": [
    408,
    7065,
    376,
    7451,
    408,
    183,
    1961,
    854
  ],
  "2": [
    3588,
    7701,
    1897,
    3820,
    5999,
    8193,
    1696
  ],
  "3": [
    2451,
    1129,
    1004,
    8394,
    3559
  ],
  "4": [
    1847,
    2315,
    4390,
    3605,
    1952,
    3368,
    5273
  ],
  "5": [
    1397,
    2450,
    5797,
    376,
    1847,
    553,
    3581
  ],
  "6": [
    3588,
    8458,
    6213,
    9001,
    4421,
    8668,
    7230,
    3289
  ],
  "7": [
    7311,
    191,
    2454,
    8179,
    3808,
    6605,
    6310
  ],
  "8": [
    2803,
    7489,
    9001,
    1167,
    4209,
    7121
  ],
  "9": [
    2154,
    200,
    2403,
    8441,
    120,
    3887
  ],
  "10": [
    7503,
    3117,
    6869,
    6862,
    3581
  ],
  "11": [
    5337,
    3947,
    4194,
    4131,
    2027,
    518,
    2820
  ],
  "12": [
    3588,
    559,
    2005,
    3808,
    3045,
    2088,
    3808,
    8505,
    3826,
    1931,
    995,
    5341,
    5315,
    1931,
    3045,
    7725,
    120,
    6467
  ],
  "13": [
    398,
    1121,
    1706,
    3588,
    2896,
    5317,
    4966,
    5921,
    2441
  ],
  "14": [
    3651,
    3045,
    2451,
    5315,
    518,
    4672,
    3426,
    319,
    8615,
    3808,
    3772,
    0
  ],
  "15": [
    408,
    693,
    7563,
    5116,
    6662,
    408,
    7703,
    7258
  ],
  "16": [
    3588,
    7651,
    5307,
    6662,
    6965,
    7563,
    3782,
    7451
  ],
  "17": [
    5307,
    341,
    408,
    8055,
    3782,
    408,
    1523,
    3820
  ],
  "18": [
    6435,
    7200,
    3068,
    7489,
    5869,
    7725,
    5921,
    639
  ],
  "19": [
    408,
    2734,
    7489,
    408,
    7065,
    7563
  ],
  "20": [
    3588,
    3808,
    1961,
    319,
    7451,
    5216,
    7563,
    1846
  ],
  "21": [
    3372,
    853,
    3068,
    1121,
    4428,
    5973,
    8138,
    408,
    6148
  ],
  "22": [
    3588,
    6597,
    6965,
    343,
    6365,
    8147,
    4310,
    3045,
    9014
  ],
  "23": [
    1571,
    428,
    2450,
    5234,
    6440,
    4941,
    1077,
    2896
  ],
  "24": [
    559,
    7563,
    6662,
    859,
    5344,
    5971,
    2194,
    3816
  ],
  "25": [
    3198,
    5276,
    5921,
    935,
    1293,
    2896
  ],
  "26": [
    8193,
    5401,
    7725,
    1697,
    5228
  ],
  "27": [
    3559,
    2351,
    4399,
    6257,
    7704,
    9001,
    310,
    1129,
    1004,
    0
  ],
  "28": [
    408,
    1961,
    5707,
    2600,
    7453,
    6601,
    8193
  ],
  "29": [
    408,
    559,
    834,
    6213,
    9001,
    3651,
    6213,
    9001,
    7725,
    376,
    6467
  ],
  "30": [
    5921,
    7704,
    376,
    6102,
    5674,
    5921,
    3754,
    120,
    2638,
    3820
  ],
  "31": [
    2009,
    5927,
    3605,
    7063,
    3680,
    6440,
    2738,
    1444,
    68,
    2040
  ],
  "32": [
    2372,
    595,
    7896,
    3820,
    7200,
    3947,
    4148
  ],
  "33": [
    4592,
    8142,
    4592,
    8572,
    4592,
    2264,
    3027,
    7901
  ],
  "34": [
    935,
    1980,
    7389,
    4270,
    376,
    4043,
    9015
  ]
}