{
  "1": [
    376,
    8433,
    7185,
    6203,
    6621,
    7665,
    369,
    4832
  ],
  "2": [
    7235,
    6662,
    8055,
    5971,
    4910,
    7563,
    584,
    5971
  ],
  "3": [
    376,
    157,
    2451,
    8055,
    1,
    7462,
    2181,
    6,
    1952
  ],
  "4": [
    4428,
    4941,
    5975,
    776,
    376,
    8641,
    2040
  ],
  "5": [
    1397,
    2505,
    5921,
    7453,
    7568,
    6566,
    5921,
    6471
  ],
  "6": [
    6588,
    376,
    7451,
    4170,
    6662,
    7442,
    8055
  ],
  "7": [
    3045,
    6662,
    1779,
    1800,
    7563,
    3808,
    995,
    1847
  ],
  "8": [
    376,
    3944,
    6315,
    7151,
    2450,
    7725,
    639
  ],
  "9": [
    376,
    2450,
    8199,
    854,
    376,
    191,
    7264,
    7832,
    369,
    5183
  ],
  "10": [
    376,
    1818,
    8130,
    8535,
    3477,
    1245,
    5315
  ],
  "11": [
    3605,
    7307,
    3318,
    3684,
    2450,
    268,
    7623
  ],
  "12": [
    4910,
    7181,
    5921,
    1697,
    8267,
    3605,
    8334,
    7563
  ],
  "13": [
    7326,
    376,
    8501,
    6298,
    215,
    5869,
    8147,
    3068
  ],
  "14": [
    4428,
    8199,
    571,
    1800,
    3678,
    5703,
    3559
  ],
  "15": [
    7626,
    8433,
    5414,
    2451,
    5288,
    7971,
    954,
    517
  ],
  "16": [
    7235,
    7563,
    7235,
    6588,
    6662,
    4658,
    7200
  ],
  "17": [
    3256,
    1121,
    5117,
    5414,
    4574,
    5315,
    0
  ],
  "18": [
    369,
    2377,
    6544,
    5971,
    8104,
    8451,
    835
  ],
  "19": [
    1697,
    3808,
    3256,
    5650,
    3588,
    995,
    369,
    4617
  ],
  "20": [
    2372,
    376,
    213,
    1697,
    8615,
    3684,
    4480
  ],
  "21": [
    6445,
    5290,
    5650,
    319,
    1961,
    4497
  ],
  "22": [
    376,
    639,
    1624,
    4066,
    1167,
    2534,
    7227,
    6588
  ],
  "23": [
    1346,
    120,
    8213,
    8217,
    7307,
    8551,
    3519
  ],
  "24": [
    2505,
    5973,
    1590,
    8130,
    5315,
    423,
    8085,
    3808,
    5046
  ],
  "25": [
    2731,
    120,
    5414,
    4170,
    982,
    3068,
    7682
  ],
  "26": [
    7227,
    1245,
    6440,
    4910,
    3068,
    4941,
    376
  ],
  "27": [
    8441,
    6662,
    376,
    5766,
    8441,
    7563,
    3477,
    1870
  ]
}