{
  "1": [
    977,
    8034,
    6239,
    7227,
    3701,
    2091,
    2580,
    2896
  ],
  "2": [
    6223,
    7326,
    6298,
    6213,
    3605,
    3068
  ],
  "3": [
    6175,
    7200,
    7451,
    5641,
    6612,
    5674,
    6064
  ],
  "4": [
    6118,
    6038,
    3374,
    3068,
    6239,
    3519,
    2416
  ],
  "5": [
    6791,
    6341,
    1870,
    6141,
    8104,
    5315,
    7368,
    4880
  ],
  "6": [
    2596,
    5288,
    5921,
    6310,
    1870,
    1571,
    3588,
    2204,
    3808,
    5493,
    4480
  ],
  "7": [
    6223,
    7326,
    4910,
    5650,
    3867,
    376,
    3867
  ],
  "8": [
    2232,
    5766,
    7114,
    205,
    7626,
    5678,
    3615
  ],
  "9": [
    2896,
    5869,
    1931,
    1288,
    3588,
    5414,
    3899,
    1800
  ],
  "10": [
    1644,
    3887,
    3318,
    4066,
    7673,
    1779,
    7036
  ],
  "11": [
    157,
    2891,
    3820,
    2580,
    8193,
    7453,
    4428
  ],
  "12": [
    5869,
    3068,
    5341,
    1847,
    5557,
    1697,
    898
  ],
  "13": [
    559,
    6102,
    738,
    2351,
    8432,
    7339,
    7523
  ],
  "14": [
    7745,
    6013,
    6310,
    2114,
    2194,
    3068,
    5307,
    8033
  ],
  "15": [
    200,
    7194,
    3820,
    5288,
    7626,
    4148,
    7368,
    4480
  ],
  "16": [
    6231,
    1800,
    7235,
    9001,
    5414,
    6223,
    389,
    4270
  ],
  "17": [
    5186,
    241,
    8085,
    1697,
    2450,
    3820,
    7896,
    1847
  ],
  "18": [
    3588,
    5273,
    3588,
    8104,
    990,
    3559,
    3162,
    5921,
    8193
  ],
  "19": [
    1961,
    3068,
    4009,
    3045,
    3117,
    637,
    859
  ],
  "20": [
    3808,
    3789,
    9001,
    7991,
    4156,
    1847
  ],
  "21": [
    3045,
    7189,
    561,
    571,
    7725,
    561,
    571,
    7971,
    0
  ],
  "22": [
    408,
    1497,
    1800,
    3588,
    1800,
    1931,
    408,
    1792,
    6041,
    8179
  ],
  "23": [
    3588,
    3068,
    7378,
    7379,
    6906,
    853,
    6906,
    5315
  ],
  "24": [
    408,
    7462,
    854,
    1167,
    639,
    854,
    376,
    2534,
    3808,
    935
  ],
  "25": [
    6435,
    502,
    734,
    3947,
    4170,
    5315
  ],
  "26": [
    408,
    1961,
    8628,
    3709,
    6148,
    4859
  ],
  "27": [
    518,
    369,
    9001,
    7999,
    4100,
    3947,
    4904,
    8478
  ],
  "28": [
    408,
    5253,
    1366,
    5769,
    834,
    6213,
    1
  ],
  "29": [
    2372,
    376,
    4106,
    4399,
    3942,
    4428,
    3320,
    1077,
    3320,
    3942,
    2823,
    0
  ]
}