{
  "1": [
    1121,
    518,
    6148,
    7453,
    8628,
    2114,
    3709
  ],
  "2": [
    3369,
    561,
    6310,
    3920,
    561,
    6310
  ],
  "3": [
    6213,
    2063,
    645,
    1121,
    5337,
    3588,
    935,
    3709,
    7453,
    1980,
    7511,
    7292,
    7453
  ],
  "4": [
    408,
    5414,
    8142,
    5869,
    8572,
    6079
  ],
  "5": [
    5337,
    6643,
    3027,
    6833,
    3027,
    3353,
    9015
  ],
  "6": [
    1980,
    413,
    5244,
    6102,
    7200,
    1870,
    2449
  ],
  "7": [
    834,
    369,
    9001,
    7101,
    7860,
    4910
  ],
  "8": [
    3559,
    7019,
    3899,
    103,
    7105,
    3978
  ],
  "9": [
    5704,
    4970,
    6102,
    7901,
    4970,
    6965,
    8142
  ],
  "10": [
    4592,
    8142,
    4592,
    8572,
    4592,
    2264,
    3027,
    7901
  ],
  "11": [
    935,
    1980,
    7389,
    4270,
    376,
    4043,
    9015
  ],
  "12": [
    120,
    1100,
    376,
    205,
    1980,
    6143,
    6310
  ],
  "13": [
    7169,
    5869,
    4448,
    7272,
    3384,
    676
  ],
  "14": [
    8419,
    3820,
    2790,
    7451,
    3605,
    6256,
    4066,
    7971
  ],
  "15": [
    5921,
    3651,
    6597,
    935,
    343,
    6621,
    7665,
    369,
    4832,
    9015
  ],
  "16": [
    8337,
    2007,
    8130,
    3068,
    7654,
    8441,
    5315
  ],
  "17": [
    5869,
    7311,
    3956,
    8267,
    3027,
    8210,
    1818,
    5355
  ],
  "18": [
    3820,
    2790,
    4284,
    205,
    7272,
    4116,
    7323,
    7451
  ],
  "19": [
    6315,
    3577,
    5707,
    8267,
    7971,
    4090,
    996,
    251,
    9015
  ],
  "20": [
    5341,
    1121,
    4687,
    1,
    408,
    5203,
    8451,
    517
  ],
  "21": [
    7194,
    5921,
    3820,
    8548,
    6029,
    5921,
    1621
  ],
  "22": [
    1980,
    5148,
    853,
    7901,
    8104,
    5921,
    6974,
    1931,
    7878
  ],
  "23": [
    3588,
    5216,
    4687,
    8451,
    216,
    1870,
    2416,
    8433,
    4148
  ],
  "24": [
    8104,
    802,
    7451,
    2513,
    3956,
    5237
  ],
  "25": [
    408,
    2530,
    3308,
    3824,
    408,
    3947,
    6079
  ],
  "26": [
    3588,
    1157,
    802,
    2181,
    5704,
    3603,
    3899,
    802,
    376,
    5315,
    3368,
    6679,
    9015
  ],
  "27": [
    2846,
    376,
    784,
    2436,
    899,
    3808,
    8313
  ],
  "28": [
    518,
    1980,
    376,
    5921,
    1513,
    7272,
    3808,
    3554
  ],
  "29": [
    3651,
    935,
    413,
    802,
    7453,
    3808,
    5352,
    3605,
    5060,
    9002
  ],
  "30": [
    3808,
    936,
    1590,
    3588,
    1589,
    4390,
    5315,
    3588,
    7456
  ],
  "31": [
    4672,
    7999,
    7659,
    853,
    3605,
    1952,
    1004,
    5414
  ],
  "32": [
    5003,
    802,
    2638,
    3820,
    7843,
    5315,
    1931,
    6213
  ],
  "33": [
    5061,
    7036,
    4672,
    2781,
    3808,
    4229
  ],
  "34": [
    3588,
    7068,
    2534,
    1397,
    3808,
    2550,
    3117,
    5359
  ],
  "35": [
    3808,
    5375,
    6440,
    3605,
    3724,
    3808,
    14,
    3588,
    7235,
    7810,
    9015
  ]
}