{
  "1": [
    1121,
    8104,
    561,
    4687,
    6845,
    854
  ],
  "2": [
    8104,
    4687,
    2421,
    8451,
    380,
    5869
  ],
  "3": [
    7194,
    5921,
    676,
    3789,
    5921,
    3871,
    3820
  ],
  "4": [
    559,
    2451,
    269,
    859,
    4129,
    998,
    7121
  ],
  "5": [
    8104,
    802,
    2114,
    5237,
    561,
    2505
  ],
  "6": [
    3588,
    2474,
    1004,
    1157,
    822,
    8259
  ],
  "7": [
    7200,
    6612,
    995,
    1121,
    5288,
    2638,
    3820
  ],
  "8": [
    5674,
    7784,
    681,
    6434,
    1870,
    1004,
    6805
  ],
  "9": [
    5399,
    6153,
    3117,
    380,
    3915,
    653
  ],
  "10": [
    2009,
    802,
    7125,
    7897,
    2181,
    5341,
    3820
  ],
  "11": [
    1993,
    1931,
    5637,
    1004,
    3808,
    7931,
    7272
  ],
  "12": [
    6471,
    2351,
    6471,
    7339,
    681,
    3605,
    6438,
    693
  ],
  "13": [
    2388,
    9002,
    5401,
    9001,
    5810,
    6440,
    559,
    9001
  ],
  "14": [
    2077,
    8002,
    5921,
    3117,
    7999,
    5088
  ],
  "15": [
    5921,
    3651,
    3318,
    7125,
    7836,
    6440,
    4672
  ],
  "16": [
    4765,
    7234,
    6210,
    2405,
    330,
    4714
  ],
  "17": [
    5130,
    4904,
    4753,
    174,
    7076
  ],
  "18": [
    1980,
    7301,
    1730,
    5704,
    1242,
    5965,
    159
  ],
  "19": [
    3588,
    369,
    376,
    1004,
    1980,
    1870,
    7350
  ],
  "20": [
    6872,
    3701,
    3947,
    3027,
    3117,
    3677,
    935,
    1004
  ],
  "21": [
    5186,
    7230,
    3948,
    2506,
    8193,
    5080
  ],
  "22": [
    1980,
    310,
    6597,
    7794,
    413,
    2874,
    935,
    5914,
    413,
    4148,
    191
  ],
  "23": [
    5704,
    6398,
    2671,
    3516,
    4116,
    6833,
    413,
    6341,
    3808,
    3045,
    3588,
    5315,
    1931,
    9015
  ],
  "24": [
    6258,
    1121,
    8085,
    9001,
    7181,
    561,
    6310
  ],
  "25": [
    408,
    7847,
    413,
    1870,
    3820,
    408,
    8582,
    5410
  ],
  "26": [
    3588,
    7227,
    2491,
    5307,
    6099,
    3605,
    2026
  ],
  "27": [
    1870,
    7585,
    1004,
    3381,
    413,
    2315,
    4194,
    9015
  ]
}