{
  "1": [
    3808,
    2451,
    7121,
    8394,
    5414,
    6963
  ],
  "2": [
    7218,
    4791,
    5921,
    1870,
    1004,
    5410,
    5324
  ],
  "3": [
    3027,
    8179,
    6310,
    7176,
    3996,
    6607,
    7442
  ],
  "4": [
    413,
    376,
    7121,
    6963,
    413,
    1121,
    120
  ],
  "5": [
    995,
    6612,
    6195,
    3684,
    995,
    3820
  ],
  "6": [
    8085,
    3588,
    5057,
    1696,
    4669,
    8193,
    4339
  ],
  "7": [
    3588,
    571,
    1897,
    2441,
    8441,
    8193,
    7562
  ],
  "8": [
    6664,
    3605,
    561,
    6310,
    369,
    9002,
    6617,
    6141
  ],
  "9": [
    3605,
    5228,
    995,
    3477,
    4672,
    1847
  ],
  "10": [
    3947,
    4148,
    408,
    3701,
    1847,
    2742,
    977
  ],
  "11": [
    3588,
    2896,
    2451,
    6443,
    3605,
    2656,
    3808,
    7737,
    9002
  ],
  "12": [
    589,
    2451,
    7931,
    6195,
    1847,
    4209,
    4672
  ],
  "13": [
    3374,
    3068,
    8130,
    7451,
    1344,
    1347,
    1870,
    7451,
    6310,
    8419,
    8130
  ],
  "14": [
    9001,
    6098,
    8454,
    589,
    998,
    9001,
    1369
  ],
  "15": [
    9002,
    4428,
    4427,
    7336,
    2710,
    6664
  ],
  "16": [
    9002,
    8269,
    8323,
    5081,
    3605,
    8199,
    776
  ],
  "17": [
    589,
    157,
    157,
    7836,
    4672
  ],
  "18": [
    6239,
    3519,
    854,
    1952,
    6276,
    6666
  ],
  "19": [
    2896,
    6529,
    2742,
    6337,
    8393,
    3701,
    977
  ],
  "20": [
    734,
    6666,
    1980,
    8432,
    5410,
    4941
  ],
  "21": [
    5157,
    157,
    3426,
    214,
    4390,
    9015
  ],
  "22": [
    3068,
    7069,
    7225,
    1870,
    6924,
    4659,
    227
  ],
  "23": [
    5769,
    5258,
    7218,
    6924,
    776
  ],
  "24": [
    369,
    8415,
    2342,
    369,
    4599,
    3513,
    4325
  ],
  "25": [
    2962,
    2022,
    2883,
    3942,
    1389,
    2342
  ],
  "26": [
    5704,
    3808,
    6213,
    776,
    2351,
    7218,
    6083,
    8398
  ],
  "27": [
    3559,
    8064,
    8033,
    589,
    2710,
    2329,
    6440,
    8415
  ],
  "28": [
    553,
    7834,
    4605,
    5810,
    5869,
    8415
  ],
  "29": [
    7760,
    3220,
    2706,
    4325,
    3808,
    5674,
    6310,
    2710,
    4144,
    776
  ],
  "30": [
    1961,
    681,
    525,
    1961,
    8191,
    3117,
    3117,
    7832,
    3942,
    3605,
    6256
  ],
  "31": [
    7832,
    8398,
    776,
    8191,
    853,
    1121,
    120,
    9015
  ],
  "32": [
    6258,
    1121,
    8085,
    9001,
    835,
    1870,
    8104
  ],
  "33": [
    8085,
    4148,
    2449,
    408,
    6544
  ],
  "34": [
    835,
    120,
    8085,
    9001,
    8245,
    5921,
    1817,
    3117,
    3117,
    8104,
    4201,
    6607
  ],
  "35": [
    3588,
    4672,
    4672,
    2416,
    6329,
    7522,
    3068
  ],
  "36": [
    2398,
    2554,
    5315,
    3605,
    8130,
    157,
    4194,
    9015
  ]
}